ward,type,location,year,est_cost,id,school_park_name,query,geometry,ward_locate,precinct_locate,ward_precinct_locate
47,Miscellaneous-CDOT,1733 W. Irving Park,2008,12867,40499,1733 W. Irving Park,census,"c(-87.6727074459999, 41.9542353750001)",47,43,47043
36,Sidewalk Menu,2316 N OAK PARKAVE,2022,1720.038,32254,2316 N OAK PARK,census,"c(-87.7951865269999, 41.9216753470001)",36,22,36022
32,Chicago Park District,3550 N Lincoln Park Construction,2005,200000,27828,3550 N Lincoln Park,census,"c(-87.672937126, 41.94579436)",32,22,32022
45,Miscellaneous Other,4200 W Irving Park (under the UPNW,2013,12658,39292,4200 W Irving Park,census,"c(-87.7325324989999, 41.9536035250001)",38,5,38005
4,POD Camera,4258 S. Lake Park,2010,13000,3379,4258 S. Lake Park,census,"c(-87.599470047, 41.817745905)",4,5,04005
4,Miscellaneous CDOT Projects,4859 S CHICAGO BEACH DR,2022,660,3816,4859 S CHICAGO BEACH DR,census,"c(-87.586137843, 41.8067701530001)",4,45,04045
4,POD Camera,5158 S. Lake Park,2010,20000,3377,5158 S. Lake Park,census,"c(-87.5876236239999, 41.8016305800001)",4,47,04047
29,Miscellaneous CDOT Projects,5700 W MIDWAY PARK,2018,2350,25328,5700 W MIDWAY PARK,census,"c(-87.768413346, 41.8890634380001)",29,33,29033
4,Street Resurfacing Menu,800 S PARK TER,2022,27009.49,3831,800 S PARK,census,"c(-87.629600387, 41.8716840590001)",2,43,02043
32,Chicago Park District,Adams Playground Renovations,2005,70000,27827,Adams Playground Renovations,google,"c(-87.6984339, 41.8783159)",2,47,02047
43,Miscellaneous-CDOT,"Armitage-Larrabee Park (2009 , 2008 Menu)",2010,8770.5,37418,"Armitage-Larrabee Park (2009 , 2008 Menu)",google,"c(-87.6435084, 41.9183303)",43,47,43047
43,Miscellaneous-CDOT,Armitage-Larrabee Park,2008,251,37281,Armitage-Larrabee Park,google,"c(-87.6435084, 41.9183303)",43,47,43047
43,Miscellaneous-CDOT,Armitage-Larrabee Park,2009,243,37368,Armitage-Larrabee Park,google,"c(-87.6435084, 41.9183303)",43,47,43047
43,Miscellaneous-CDOT,"Armitage-Larrabee Park (2009 , 2008 Menu)",2010,8770.5,37418,Armitage-Larrabee Park,google,"c(-87.6435084, 41.9183303)",43,47,43047
10,Schools,Arnold Mireless School - mural,2010,10000,7939,Arnold Mireless School,google,"c(-87.5529522, 41.7310266)",10,25,10025
35,Chicago Park District,Athletic Field Park,2008,50000,30664,Athletic Field Park,google,"c(-87.7170178, 41.9474204)",35,4,35004
47,Schools,Bell Elementary School - 3830 N. Oakley,2009,30000,40612,Bell Elementary School,google,"c(-87.6862446, 41.9495261)",47,49,47049
25,School Projects,Benito Juarez High School - public art,2012,50000,21889,Benito Juarez High School,google,"c(-87.6642827, 41.8525773)",25,7,25007
23,Schools,Blair Early Childhood Center Playground,2008,50000,19495,Blair Early Childhood Center,google,"c(-87.7896451, 41.7763901)",23,40,23040
33,Chicago Park District,Brand Park,2008,20000,28872,Brand Park,google,"c(-87.6992049, 41.9411802)",33,2,33002
35,Schools,Brentano School,2008,19753,30666,Brentano School,google,"c(-87.6961091, 41.9310452)",35,8,35008
48,Chicago Park District,Brohman Playlot,2005,200000,41460,Brohman Park,google,"c(-87.6044011, 41.788188)",5,15,05015
41,Chicago Park District,Brooks Park- tennis cours surface and fence repair,2012,60000,35879,Brooks Park,google,"c(-87.5992989, 41.811426)",4,36,04036
33,Chicago Park District,Buffalo Park,2007,20000,28827,Buffalo Park,google,"c(-87.698327, 41.9632508)",33,7,33007
4,Chicago Park District,Burnham Park,2008,200000,3327,Burnham Park,google,"c(-87.5985856, 41.8253531)",4,4,04004
4,Chicago Park District,Burnham Park,2008,25000,3328,Burnham Park,google,"c(-87.5985856, 41.8253531)",4,4,04004
26,Schools,Cameron School - 1234 N. Monticllo,2011,20000,22645,Cameron School,google,"c(-87.7182641, 41.9040769)",26,37,26037
46,Chicago Park District,Carendon Park,2007,300000,39817,Carendon Park,google,"c(-87.6486024, 41.9633603)",46,33,46033
47,Miscellaneous Other,Chase Park Improvements - 4701 N. Ashland,2012,20000,40742,Chase Park,google,"c(-87.6682323, 41.9675376)",47,31,47031
25,Chicago Park District,Claremont Playlot Park,2011,25000,21859,Claremont Park Park,google,"c(-87.6853982, 41.8732227)",2,50,02050
25,Chicago Park District,Claremont Playlot Park,2012,75000,21882,Claremont Park Park,google,"c(-87.6853982, 41.8732227)",2,50,02050
46,Chicago Park District,Clarenson Park,2007,124050,39815,Clarenson Park,google,"c(-87.6486024, 41.9633603)",46,33,46033
1,Chicago Park District,Commercial Park Gym Floor,2005,29000,94,Commercial Park,google,"c(-87.6738079, 41.896629)",1,46,01046
1,Chicago Park District,Dean Park & Commercial Park,2008,72500,304,Commercial Park,google,"c(-87.6738079, 41.896629)",1,46,01046
1,Chicago Park District,"Maplewood Park,Commerical Park,Dean Park",2007,100000,225,Commerical Park,google,"c(-87.6738079, 41.896629)",1,46,01046
26,Schools,Darwin School - 3116 W. Belden,2011,20000,22647,Darwin School,google,"c(-87.704745, 41.9234844)",26,19,26019
1,Chicago Park District,Dean Park,2005,50000,93,Dean Park,google,"c(-87.6708675, 41.9069074)",1,21,01021
1,Chicago Park District,"Maplewood Park,Commerical Park,Dean Park",2007,100000,225,Dean Park,google,"c(-87.6708675, 41.9069074)",1,21,01021
1,Chicago Park District,Dean Park & Commercial Park,2008,72500,304,Dean Park,google,"c(-87.6708675, 41.9069074)",1,21,01021
22,Miscellaneous-Other,Dominguez campus park,2009,990374,18605,Dominguez campus park,google,"c(-87.6583005, 42.0002465)",49,7,49007
22,Miscellaneous-Other,Dominguez Campus Park,2008,709626,18597,Dominguez Campus Park,google,"c(-87.6583005, 42.0002465)",49,7,49007
23,Schools,Dore School,2007,8100,19396,Dore School,google,"c(-87.7998245, 41.7743673)",23,18,23018
33,Drake Gardens Community Garden w/ NeighborSpace,Drake Garden,2020,50000,29319,Drake Garden,google,"c(-87.716602, 41.966011)",33,1,33001
49,Chicago Park District,Dubkin Park - Landscaping Beds,2010,10576,42464,Dubkin Park,google,"c(-87.670519, 42.0174314)",49,11,49011
49,Chicago Park District,Dubkin Park - Community Garden - 7442 N. Ashland,2010,22424,42465,Dubkin Park,google,"c(-87.670519, 42.0174314)",49,11,49011
3,Miscellaneous-CDOT,DuSable Public High School,2008,154200,2608,DuSable Public High School,google,"c(-87.6246017, 41.804837)",3,40,03040
19,Miscellaneous Other,Edna White Garden,2012,20000,16562,Edna White Garden,google,"c(-87.6678971, 41.6914669)",19,50,19050
26,Schools,Erie Charter School - 1405 N. Washtenaw,2011,20000,22643,Erie Charter School,google,"c(-87.6943513, 41.906863)",26,25,26025
39,Chicago Park District,Eugene Field and Sauganash Park,2008,100000,34147,Eugene Field,google,"c(-87.7223602, 41.9747187)",39,33,39033
39,POD Camera,5100 N. Ridgeway - Eugene Field,2009,25000,34198,Eugene Field,google,"c(-87.7223602, 41.9747187)",39,33,39033
35,Miscellaneous-CDOT,Fireman's Park Restoration,2008,257,30605,Fireman's Park,google,"c(-87.7121046, 41.9321925)",35,5,35005
35,Miscellaneous-CDOT,Fireman's Park Restoration,2009,32,30672,Fireman's Park,google,"c(-87.7121046, 41.9321925)",35,5,35005
35,Miscellaneous-CDOT,Fireman's Park Restoration,2010,2153,30719,Fireman's Park,google,"c(-87.7121046, 41.9321925)",35,5,35005
35,Miscellaneous-CDOT,Fireman's Park Restoration,2011,1824,30783,Fireman's Park,google,"c(-87.7121046, 41.9321925)",35,5,35005
45,Chicago Park District,Forest Glen Playlot,2005,82,38987,Forest Glen Park,google,"c(-87.754575, 41.9776299)",45,41,45041
45,Chicago Park District,Forest Glen Playlot,2006,1366,39036,Forest Glen Park,google,"c(-87.754575, 41.9776299)",45,41,45041
45,Chicago Park District,Forest Glen Playlot,2007,340,39083,Forest Glen Park,google,"c(-87.754575, 41.9776299)",45,41,45041
45,Chicago Park District,Forest Glen Playlot,2008,12551,39117,Forest Glen Park,google,"c(-87.754575, 41.9776299)",45,41,45041
45,Chicago Park District,Forest Glen Playlot,2009,185661,39149,Forest Glen Park,google,"c(-87.754575, 41.9776299)",45,41,45041
10,Schools,George Washington High School,2010,10000,7940,George Washington High School,google,"c(-87.5379655, 41.687694)",10,46,10046
46,Chicago Park District,Gill Park,2007,200000,39816,Gill Park,google,"c(-87.6505923, 41.9523528)",46,5,46005
45,Chicago Park District,Gladstone Park,2006,100000,39035,Gladstone Park,google,"c(-87.7750136, 41.9811108)",45,11,45011
1,School Projects,Goethe School - Campus Park,2012,100000,480,Goethe School - Campus Park,google,"c(-87.6931892, 41.9227455)",1,30,01030
39,Chicago Park District,Gompers Park Playground Equipment - 4222 W. Foster,2010,50000,34240,Gompers Park,google,"c(-87.7367788, 41.9761424)",39,38,39038
48,Schools,Goudy School Campus Park,2007,9600,41552,Goudy School Campus Park,google,"c(-87.6580331, 41.9759442)",48,21,48021
48,Schools,Goudy School,2008,20000,41586,Goudy School,google,"c(-87.6580331, 41.9759442)",48,21,48021
48,School Projects,Goudy School - Exterior Cameras,2013,25000,41718,Goudy School,google,"c(-87.6580331, 41.9759442)",48,21,48021
46,Schools,Greeley Elementary - playground equipment,2011,100000,39938,Greeley Elementary - playground equipment,google,"c(-87.6508832, 41.9529857)",46,5,46005
40,Drinking Fountains at Mather; Green Briar,Green Briar Park,2020,120000,35376,Green Briar Park,google,"c(-87.696404, 41.9913324)",50,29,50029
1,Chicago Park District,Haas Park Field House,2012,605000,479,Haas Park Field,google,"c(-87.7142944, 41.9242299)",26,23,26023
1,Chicago Park District,Haas Park Fieldhouse,2010,200000,370,Haas Park,google,"c(-87.6961085, 41.9251799)",1,24,01024
1,Chicago Park District,Haas Park,2013,450000,531,Haas Park,google,"c(-87.6961085, 41.9251799)",1,24,01024
32,Chicago Park District,Hamin Park,2007,98750,27979,Hamin Park,google,"c(-87.6794228, 41.9366872)",32,45,32045
32,Chicago Park District,Hamlin Park Baseball Field,2005,40000,27829,Hamlin Park Baseball Field,google,"c(-87.6794228, 41.9366872)",32,45,32045
25,Chicago Park District,Harrison Park - Athletic Field,2012,100000,21884,Harrison Park,google,"c(-87.6736815, 41.8568759)",25,11,25011
25,Chicago Park District,Harrison Park (2012-2016 - TPC = $500000 ),2013,100000,21939,Harrison Park,google,"c(-87.6736815, 41.8568759)",25,11,25011
1,Miscellaneous-CDOT,Hass Park,2008,50000,262,Hass Park,google,"c(-87.6953406, 41.9251546)",1,24,01024
44,Chicago Park District,Hawthorne School,2007,147875,38175,Hawthorne School,google,"c(-87.6576431, 41.9417947)",44,39,44039
31,Miscellaneous-CDOT,Hermosa Park @ 2240 N. Kilbourn.,2006,8189,26839,Hermosa Park,google,"c(-87.7403569, 41.9219817)",31,37,31037
48,Chicago Park District,Hollywood Beach Dog Park,2005,75000,41459,Hollywood Beach Dog Park,google,"c(-87.6519968, 41.9861856)",48,39,48039
32,Chicago Park District,Holstein Park Renovations,2005,250000,27826,Holstein Park,google,"c(-87.6850684, 41.921348)",32,29,32029
33,Chicago Park District,Horner Park,2005,150000,28741,Horner Park,google,"c(-87.6950899, 41.9585722)",33,23,33023
33,Chicago Park District,Horner Park,2008,20000,28873,Horner Park,google,"c(-87.6950899, 41.9585722)",33,23,33023
33,Chicago Park District,Horner Park - bleachers,2010,25000,28933,Horner Park,google,"c(-87.6950899, 41.9585722)",33,23,33023
26,Miscellaneous-CDOT,Humboldt Park Improvements,2006,155000,22392,Humboldt Park,google,"c(-87.721293, 41.8990752)",27,24,27024
26,Chicago Park District,Humboldt Park Boat House,2006,25000,22431,Humboldt Park,google,"c(-87.721293, 41.8990752)",27,24,27024
26,Chicago Park District,Humboldt Park,2007,300000,22443,Humboldt Park,google,"c(-87.721293, 41.8990752)",27,24,27024
26,Chicago Park District,Humboldt Park - lighting,2008,63510,22478,Humboldt Park,google,"c(-87.721293, 41.8990752)",27,24,27024
26,Chicago Park District,Humboldt Park - concrete slabs for food trucks,2012,150000,22679,Humboldt Park,google,"c(-87.721293, 41.8990752)",27,24,27024
4,Miscellaneous-Other,Hyde Park Art Center,2005,500000,3249,Hyde Park Art Center,google,"c(-87.5867642, 41.8037291)",4,48,04048
4,Miscellaneous-Other,Hyde Park Art Center,2006,500000,3262,Hyde Park Art Center,google,"c(-87.5867642, 41.8037291)",4,48,04048
45,Independence Park - Water feature/playground,Independence Park,2016,15000,39456,Independence Park,google,"c(-87.7237263, 41.9526374)",39,23,39023
2,Chicago Park District,Jane Addams Park - lighting,2011,11860,1928,Jane Addams Park,google,"c(-87.6127744, 41.8923675)",42,11,42011
47,Schools,John J. Audubon Elementary School Playlot - 3500 N. Hoyne,2010,50000,40640,John J. Audubon Elementary School Park,google,"c(-87.6811506, 41.9453833)",47,46,47046
43,Chicago Park District,Jonquil Park,2008,27225,37351,Jonquil Park,google,"c(-87.6545678, 41.9284789)",32,32,32032
32,Chicago Park District,Jonquil Park,2007,98750,27979,Jonquil Park,google,"c(-87.6545678, 41.9284789)",32,32,32032
48,Miscellaneous-Other,Kathy Osterman Beach House (reimbursement) 2008 menu also,2009,175653,41626,Kathy Osterman Beach House (reimbursement) 2008 menu also,google,"c(-87.6527914, 41.9862002)",48,39,48039
48,Miscellaneous-Other,Kathy Osterman Beach House (reimbursement) 2009 also,2008,324347,41582,Kathy Osterman Beach House (reimbursement) 2009 also,google,"c(-87.6527914, 41.9862002)",48,39,48039
4,Chicago Park District,Lake Park Crescent Park,2007,8000,3293,Lake Park Crescent Park,google,"c(-87.5990723, 41.8171683)",4,5,04005
4,Chicago Park District,Lake Park Crescent,2007,190000,3289,Lake Park,google,"c(-87.5990723, 41.8171683)",4,5,04005
4,Chicago Park District,Lake Park Crescent,2007,50000,3290,Lake Park,google,"c(-87.5990723, 41.8171683)",4,5,04005
4,Chicago Park District,Lake Park Crescent,2007,20000,3291,Lake Park,google,"c(-87.5990723, 41.8171683)",4,5,04005
4,Chicago Park District,Lake Park Crescent,2007,50000,3292,Lake Park,google,"c(-87.5990723, 41.8171683)",4,5,04005
1,Schools,LaSalle II Elementary School Playground (TPC = $25,2011,1037,446,LaSalle II Elementary School,google,"c(-87.6738377, 41.9028261)",1,3,01003
1,School Projects,LaSalle II Elementary School - playground )TPC=$25000 2011-2013 Menu,2012,155,481,LaSalle II Elementary School,google,"c(-87.6738377, 41.9028261)",1,3,01003
1,School Projects,LaSalle School Playground,2013,23808,533,LaSalle School,google,"c(-87.6738377, 41.9028261)",1,3,01003
13,Chicago Park District,Lawler Park - water feature,2011,150000,10791,Lawler Park,google,"c(-87.7512174, 41.7766954)",13,27,13027
13,Chicago Park District,Lawler Park,2012,150000,10801,Lawler Park,google,"c(-87.7512174, 41.7766954)",13,27,13027
13,Lawler Park Turf Field,Lawler Park,2019,240000,11246,Lawler Park,google,"c(-87.7512174, 41.7766954)",13,27,13027
13,Lawler Park Turf Field,Lawler Park,2020,300000,11367,Lawler Park,google,"c(-87.7512174, 41.7766954)",13,27,13027
22,Lawndale Triangle Community Garden,Lawndale Triangle Community Garden,2016,13415,18875,Lawndale Triangle Community Garden,google,"c(-87.730968, 41.849171)",22,7,22007
43,Schools,Lincoln Park High School,2005,20000,37164,Lincoln Park High School,google,"c(-87.6458448, 41.9184082)",43,7,43007
43,Chicago Park District,Restoration of Door at the Alfred Lily Pool at the Lincoln Park Conserancy,2010,5000,37443,Lincoln park,google,"c(-87.6487783, 41.9254701)",43,31,43031
43,Miscellaneous-CDOT,Lincoln Park Trolley,2007,55000,37242,Lincoln Park,google,"c(-87.6487783, 41.9254701)",43,31,43031
43,Miscellaneous-CDOT,Lincoln Park Trolley,2008,59500,37283,Lincoln Park,google,"c(-87.6487783, 41.9254701)",43,31,43031
43,Miscellaneous-CDOT,Lincoln Park Summer Trolley,2008,55000,37284,Lincoln Park,google,"c(-87.6487783, 41.9254701)",43,31,43031
43,Chicago Park District,Lincoln Park Zoo,2010,55000,37442,Lincoln Park,google,"c(-87.6487783, 41.9254701)",43,31,43031
43,Lincoln Park Conservatory Park - Benches,Lincoln Park Conservatory,2019,10000,37980,Lincoln Park,google,"c(-87.6487783, 41.9254701)",43,31,43031
47,Miscellaneous-Other,Lincoln Square Community Garden,2009,10000,40610,Lincoln Square Community Garden,google,"c(-87.6889648, 41.9686816)",47,1,47001
49,Chicago Park District,Loyola Beach Dunes - sign,2009,2930,42432,Loyola Beach Dunes - sign,google,"c(-87.6578047, 42.0082785)",49,29,49029
49,Chicago Park District,Loyola Park,2010,50000,42467,Loyola Park,google,"c(-87.6619076, 42.0117116)",49,27,49027
49,Loyola Park Exercise Equipment,Loyola Park,2020,100000,42939,Loyola Park,google,"c(-87.6619076, 42.0117116)",49,27,49027
10,Chicago Park District,Mann Park - In-line hockey surface,2010,89500,7936,Mann Park,google,"c(-87.5506832, 41.657262)",10,16,10016
1,Chicago Park District,"Maplewood Park,Commerical Park,Dean Park",2007,100000,225,Maplewood Park,google,"c(-87.6912396, 41.911554)",1,43,01043
45,Chicago Park District,May Fair Park,2005,100000,38988,May Fair Park,google,"c(-87.7420401, 41.9630974)",45,12,45012
47,Chicago Park District,Merryman Playlot,2012,15000,40740,Merryman Park,google,"c(-87.6704853, 41.9499924)",47,50,47050
47,Chicago Park District,Merrymen Play Lot,2010,100000,40637,Merrymen Play Lot,google,"c(-87.8111978, 41.8775188)",NA,NA,NA
16,Chicago Park District,Micek Playground,2009,16305,14110,Micek Park,google,"c(-87.6780689, 41.7973302)",16,7,16007
16,Chicago Park District,Micek Playground-5311 S.Hamilton,2012,150000,14289,Micek Park,google,"c(-87.6780689, 41.7973302)",16,7,16007
16,Chicago Park District,Micek Play Lot- 5311 S. Hamilton,2011,150000,14240,Micek Play Lot- 5311 S. Hamilton,google,"c(-87.6780689, 41.7973302)",16,7,16007
26,Schools,Mitchell School - 2233 W. Ohio,2011,20000,22641,Mitchell School,google,"c(-87.6834719, 41.8919313)",26,46,26046
46,Montrose Beach Fence for Dog Area,Montrose Beach,2017,11000,40114,Montrose Beach,google,"c(-87.6385934, 41.9667449)",NA,NA,NA
41,Chicago Park District,Monument Park,2008,28399,35718,Monument Park,google,"c(-87.817928, 42.001729)",41,7,41007
19,Chicago Park District,Mount Greenwood Park,2005,200000,16296,Mount Greenwood Park,google,"c(-87.7008049, 41.6915904)",19,52,19052
23,Chicago Park District,Normandy Park,2006,200000,19294,Normandy Park,google,"c(-87.7887117, 41.7983987)",23,16,23016
41,Chicago Park District,Norwood Park - Dog Park,2010,40000,35800,Norwood Park,google,"c(-87.8069116, 41.9858094)",41,46,41046
41,Chicago Park District,Norwood Park- dog friendly area,2012,60000,35878,Norwood Park,google,"c(-87.8069116, 41.9858094)",41,46,41046
42,Miscellaneous-CDOT,Ohio Park behind Office Depot - W Grand - 25 feet 8 foot high ornamental fe,2006,7264,36307,Ohio Park,google,"c(-87.7444226, 41.8916024)",28,51,28051
45,Miscellaneous Other,Olive's Garden Expansion,2013,6000,39325,Olive's Garden Expansion,google,"c(-87.5953196, 41.8148081)",4,5,04005
41,Chicago Park District,Oriole Park,2010,30000,35801,Oriole Park,google,"c(-87.8169157, 41.9761141)",41,33,41033
9,Chicago Park District,Palmer Park,2011,20000,6984,Palmer Park,google,"c(-87.615837, 41.6908289)",9,43,09043
35,Chicago Park District,Palmer Square Park,2008,25561,30665,Palmer Square Park,google,"c(-87.7046303, 41.9210378)",35,16,35016
45,Miscellaneous Other,Pedestrian Crossing Light at the Jefferson Park Transit Center,2013,125000,39326,Pedestrian Crossing Light at the Jefferson Park Transit Center,google,"c(-87.7618846, 41.9699459)",45,29,45029
48,Schools,Swift and Pierce schools,2007,155000,41554,Pierce Elementary School,google,"c(-87.6663791, 41.9831729)",48,7,48007
48,Schools,Pierce School,2006,5143,41495,Pierce School,google,"c(-87.6663791, 41.9831729)",48,7,48007
22,Chicago Park District,Piotrowsi Park - Addt'l lighting and equipment,2011,100000,18676,Piotrowski Park,google,"c(-87.7307657, 41.8361245)",22,16,22016
9,School Projects,Poe School - Playground,2012,7115,7013,Poe School,google,"c(-87.6066076, 41.702492)",9,8,09008
49,Chicago Park District,Pottawattomie Park - dog friendly area (DFA),2010,119040,42466,Pottawattomie Park,google,"c(-87.6775959, 42.0158615)",49,19,49019
4,Miscellaneous-Other,Donoghue and Price Schools - murals,2009,20000,3349,Price Elementary School,google,"c(-87.6037684, 41.8152201)",4,7,04007
4,Printers Row Park - Lighting Improvements,Printers Row Park,2017,6500,3664,Printers Row Park,google,"c(-87.6294082, 41.8733693)",2,35,02035
1,Schools,"Pritzker Playground (Menu 2010 , 2009 ,",2008,339,306,Pritzker Park,google,"c(-87.6280111, 41.8774231)",2,49,02049
1,Schools,"Pritzker Playground (Menu 2010 , 2009 ,",2009,111,348,Pritzker Park,google,"c(-87.6280111, 41.8774231)",2,49,02049
1,Schools,"Pritzker Playground (Menu 2010 , 2009 ,",2010,47153,372,Pritzker Park,google,"c(-87.6280111, 41.8774231)",2,49,02049
32,Chicago Park District,Pulaski Park,2007,98750,27979,Pulaski Park,google,"c(-87.6651332, 41.9070273)",1,26,01026
47,Schools,"Ravenswood School - electronic sign, playground (TPC =",2008,168,40557,Ravenswood School,google,"c(-87.6743402, 41.9738264)",47,30,47030
47,Schools,"Ravenswood School - electronic sign, playground (TPC =",2009,8274,40611,Ravenswood School,google,"c(-87.6743402, 41.9738264)",47,30,47030
47,Schools,Ravenswood School - electronic sign and plaground (TPC =,2010,18016,40639,Ravenswood School,google,"c(-87.6743402, 41.9738264)",47,30,47030
47,Schools,Ravenswood School - electronic sign,2011,35542,40693,Ravenswood School,google,"c(-87.6743402, 41.9738264)",47,30,47030
13,School Projects,Richard Henry Lee School - wrought iron fence,2012,30000,10802,Richard Henry Lee School,google,"c(-87.7293039, 41.7752558)",13,39,13039
33,Chicago Park District,River Park,2006,556,28777,River Park,google,"c(-87.7019812, 41.9739995)",40,17,40017
33,Chicago Park District,River Park,2008,22255,28871,River Park,google,"c(-87.7019812, 41.9739995)",40,17,40017
40,Chicago Park District,River Park Playground,2007,200000,34860,River Park,google,"c(-87.7019812, 41.9739995)",40,17,40017
44,Chicago Park District,Roscoe Playlot,2005,100000,38137,Roscoe Park,google,"c(-87.7359019, 41.9426187)",31,8,31008
1,Schools,Sabin School Sculpture Art Project,2005,3750,95,Sabin School,google,"c(-87.6830757, 41.9072052)",1,14,01014
1,Schools,Sabin School Sculpture Art Project,2005,20000,96,Sabin School,google,"c(-87.6830757, 41.9072052)",1,14,01014
35,Miscellaneous-CDOT,Safe Kids Murphy School Pavement Markings,2010,16300,30720,Safe Kids Murphy School,google,"c(-87.7170874, 41.9497364)",35,4,35004
39,Chicago Park District,Eugene Field and Sauganash Park,2008,100000,34147,Sauganash Park,google,"c(-87.7373095, 41.9882005)",39,37,39037
39,POD Camera,5861 N. Kostner (Sauganash Park),2009,20000,34197,Sauganash Park,google,"c(-87.7373095, 41.9882005)",39,37,39037
39,Miscellaneous-CDOT,Saughnash Park,2009,6700,34176,Saughnash Park,google,"c(-87.7373095, 41.9882005)",39,37,39037
36,Chicago Park District,Sayre Park,2008,100000,31616,Sayre Park,google,"c(-87.7971244, 41.9208169)",36,22,36022
40,Chicago Park District,Schreiber Park,2008,200000,34903,Schreiber Park,google,"c(-87.670083, 41.999398)",40,7,40007
23,Schools,Security cameras at Byrne Elementary School,2007,5748,19395,Security cameras at Byrne Elementary School,google,"c(-87.7910176, 41.7948196)",23,47,23047
48,Schools,Senn High School,2005,400000,41463,Senn High School,google,"c(-87.6667743, 41.9890128)",48,42,48042
48,Schools,Senn Hih School,2006,350000,41494,Senn High School,google,"c(-87.6667743, 41.9890128)",48,42,48042
36,Chicago Park District,Shabbona Park Playground - 6935 W. Addison,2011,59422,31707,Shabbona Park,google,"c(-87.8001607, 41.9427387)",36,7,36007
36,Chicago Park District,Shabbona Park Plaground - 6935 W. Addison,2012,85301,31746,Shabbona Park,google,"c(-87.8001607, 41.9427387)",36,7,36007
36,Chicago Park District,Shabbona Park,2013,35277,31778,Shabbona Park,google,"c(-87.8001607, 41.9427387)",36,7,36007
25,Chicago Park District,Sheridan Park,2006,10000,21469,Sheridan Park,google,"c(-87.6629672, 41.9655201)",46,16,46016
25,Chicago Park District,Sheridan Park (also 2010 menu TPC=,2009,100000,21672,Sheridan Park,google,"c(-87.6629672, 41.9655201)",46,16,46016
25,Chicago Park District,Sheridan Park (also 2009 menu. TPC =,2010,100000,21816,Sheridan Park,google,"c(-87.6629672, 41.9655201)",46,16,46016
25,Chicago Park District,Sheridan Park (2009,2011,185000,21858,Sheridan Park,google,"c(-87.6629672, 41.9655201)",46,16,46016
25,Chicago Park District,Sheridan Park - 2012,2012,9724,21883,Sheridan Park,google,"c(-87.6629672, 41.9655201)",46,16,46016
25,Chicago Park District,Sheridan Park ($175276 2012 + $185000 2013 menu),2013,360276,21940,Sheridan Park,google,"c(-87.6629672, 41.9655201)",46,16,46016
26,Chicago Park District,Smith Park,2007,50000,22442,Smith Park,google,"c(-87.6895453, 41.8933833)",26,17,26017
26,Chicago Park District,Smith Park,2007,100000,22444,Smith Park,google,"c(-87.6895453, 41.8933833)",26,17,26017
26,Chicago Park District,Smith Park - Bleachers,2011,25000,22635,Smith Park,google,"c(-87.6895453, 41.8933833)",26,17,26017
41,Schools,Stock School,2009,6000,35761,Stock School,google,"c(-87.8143062, 42.0166487)",41,40,41040
26,Schools,Stowe School - 2444 W. Wabansia,2011,20000,22639,Stowe School,google,"c(-87.7131022, 41.91265)",26,39,26039
43,Miscellaneous-CDOT,Street Lighting at Chicago Park District location,2010,45000,37416,Street Lighting at Chicago Park,google,"c(-87.628022, 41.9011353)",42,24,42024
4,Chicago Park District,Sumac Park Playground - 4201 S. Champlain,2012,150000,3444,Sumac Park,google,"c(-87.6097667, 41.8184498)",4,49,04049
48,Schools,Swift School,2007,9945,41553,Swift School,google,"c(-87.6585908, 41.9889983)",48,16,48016
49,Chicago Park District,Touhy Park,2010,25000,42468,Touhy Park,google,"c(-87.6737628, 42.0147467)",49,12,49012
49,Chicago Park District,Touhy Park - playground replacment,2011,175000,42508,Touhy Park,google,"c(-87.6737628, 42.0147467)",49,12,49012
19,Miscellaneous-Other,Trees - Edna White Garden (TPC = $2058 2010 menu,2011,932,16531,Trees - Edna White Garden (TPC = $2058 2010 menu,google,"c(-87.6678971, 41.6914669)",19,50,19050
19,Miscellaneous-Other,Trees at the Edna White Garden,2010,1126,16489,Trees at the Edna White Garden,google,"c(-87.6678971, 41.6914669)",19,50,19050
46,Schools,Uplift Community High School,2009,5000,39884,Uplift Community High School,google,"c(-87.6522014, 41.9659998)",46,22,46022
46,Schools,Uplift High School -2 nd bricolage project,2009,228,39885,Uplift High School,google,"c(-87.6522014, 41.9659998)",46,22,46022
46,Schools,Uplift High School - 2 nd bricolage project,2010,10850,39894,Uplift High School,google,"c(-87.6522014, 41.9659998)",46,22,46022
23,Chicago Park District,Construction of Valley Forge Field House,2009,300000,19555,Valley Forge Park,google,"c(-87.7978232, 41.7842235)",23,49,23049
23,Chicago Park District,Valley Forge Park,2010,220000,19685,Valley Forge Park,google,"c(-87.7978232, 41.7842235)",23,49,23049
23,Chicago Park District,Valley Forge Field House (2009-2012 ),2011,300000,19708,Valley Forge Park,google,"c(-87.7978232, 41.7842235)",23,49,23049
23,Chicago Park District,Valley Forge Park,2012,100000,19810,Valley Forge Park,google,"c(-87.7978232, 41.7842235)",23,49,23049
23,Chicago Park District,Valley Forge Park,2013,200000,19862,Valley Forge Park,google,"c(-87.7978232, 41.7842235)",23,49,23049
42,Miscellaneous-CDOT,Washington Square Park,2006,49500,36308,Washington Square Park,google,"c(-87.6305847, 41.8992726)",42,45,42045
44,Chicago Park District,Weisman Park - 901 w. Oakdale,2009,25000,38242,Weisman Park,google,"c(-87.6517822, 41.9351638)",44,29,44029
47,Chicago Park District,Welles Park,2005,13057,40374,Welles Park,google,"c(-87.6863017, 41.962396)",47,42,47042
47,Chicago Park District,Welles Park Playground,2006,50000,40410,Welles Park,google,"c(-87.6863017, 41.962396)",47,42,47042
47,Chicago Park District,Welles Park,2006,1687,40412,Welles Park,google,"c(-87.6863017, 41.962396)",47,42,47042
47,Chicago Park District,Welles Park,2007,5586,40482,Welles Park,google,"c(-87.6863017, 41.962396)",47,42,47042
47,Chicago Park District,Welles Park,2008,79670,40555,Welles Park,google,"c(-87.6863017, 41.962396)",47,42,47042
13,Wentworth Park - Athletic Field Lighting - 2017 and 2018 Menu,Wentworth Park,2018,75000,11237,Wentworth Park,google,"c(-87.7803931, 41.7881316)",23,23,23023
23,Chicago Park District,Wentworth Park,2007,200000,19392,Wentworth Park,google,"c(-87.7803931, 41.7881316)",23,23,23023
13,Chicago Park District,West Lawn Park,2005,5000,10418,West Lawn Park,google,"c(-87.7288495, 41.7744601)",13,39,13039
13,Chicago Park District,West Lawn Park - artificial turf field,2013,300000,10828,West Lawn Park,google,"c(-87.7288495, 41.7744601)",13,39,13039
1,Chicago Park District,Wicker Park,2007,2000,224,Wicker Park,google,"c(-87.6775672, 41.9104892)",32,36,32036
1,POD Camera,Wicker Park Fieldhouse,2011,22500,445,Wicker Park,google,"c(-87.6775672, 41.9104892)",32,36,32036
43,Chicago Park District,Wiggly Field - (Park #425 ) - Schubert and Sheffield,2012,10000,37605,Wiggly Field,google,"c(-87.653434, 41.9305329)",43,22,43022
41,Chicago Park District,Wildwood Park,2008,50000,35717,Wildwood Park,google,"c(-87.7803301, 42.0076111)",41,6,41006
47,Chicago Park District,Winnemac Park playground,2006,77000,40411,Winnemac Park,google,"c(-87.6819813, 41.9741228)",47,11,47011
46,Chicago Park District,Winthrop Garden,2006,50000,39795,Winthrop Garden,google,"c(-87.6587879, 42.0018328)",49,7,49007
