ward,type,location,year,est_cost,id,from_intersection,to_intersection,lat_1,lon_1,query_1,lat_2,lon_2,query_2,geometry,ward_locate,precinct_locate,ward_precinct_locate
12,Street Light Residential,ON 23 FROM S CALIFORNIA AV (2800 W) TO Dead End (2866 W),2013,72000,9872,E 23RD ST and S CALIFORNIA AV,2866 E 23RD ST,41.8500879,-87.6953841,google,NA,NA,census,"c(-87.6953841, 41.8500879)",28,29,28029
18,Street Light Residential,ON CALIFORNIA FROM W 83 ST (8300 S) TO W 84 ST (8381 S),2012,72000,15864,CALIFORNIA and W 83rd ST,CALIFORNIA and W 84th ST,41.74265928700004,-87.69243013299996,census,NA,NA,google,"c(-87.692430133, 41.742659287)",18,35,18035
18,Street Light Residential,ON CALIFORNIA FROM W 85 ST (8500 S) TO W 86 ST (8614 S),2012,72000,15866,CALIFORNIA and W 85th ST,CALIFORNIA and W 86th ST,NA,NA,google,41.73698722600005,-87.69228943699994,census,"c(-87.6922894369999, 41.7369872260001)",18,34,18034
28,Street Light Upgrade,ON CALIFORNIA FROM W FILLMORE ST (1028 S) TO W ROOSEVELT RD (1200 S),2012,2000,24357,CALIFORNIA and W FILLMORE ST,CALIFORNIA and W ROOSEVELT RD,NA,NA,google,41.86651201600006,-87.69590331599994,census,"c(-87.6959033159999, 41.8665120160001)",28,55,28055
2,Street Light Pole Painting,ON CONGRESS FROM S MORGAN ST (1000 W) TO E EISENHOWER EXIT RP (1284 W),2012,5700,1980,CONGRESS and S MORGAN ST,CONGRESS and E EISENHOWER EXIT RP,41.87511055500005,-87.65183329099995,census,NA,NA,google,"c(-87.6518332909999, 41.875110555)",2,6,02006
2,Street Light Upgrade,ON CONGRESS FROM S MORGAN ST (1000 W) TO E EISENHOWER EXIT RP (1284 W),2012,7600,2003,CONGRESS and S MORGAN ST,CONGRESS and E EISENHOWER EXIT RP,41.87511055500005,-87.65183329099995,census,NA,NA,google,"c(-87.6518332909999, 41.875110555)",2,6,02006
8,Street Light Upgrade,ON CREGIER FROM E 89 ST (8900 S) TO E 89 ST (8900 S),2013,1400,6250,CREGIER and E 89th ST,CREGIER and E 89th ST,41.7334131,-87.58047,google,41.7334131,-87.58047,google,"c(-87.58047, 41.7334131)",8,19,08019
20,Sidewalk Menu,ON E 68TH ST FROM S ST LAWRENCE AV (600 E) TO S ST LAWRENCE AV (600 E),2012,7855,17194,E 68TH ST and S ST LAWRENCE AV,E 68TH ST and S ST LAWRENCE AV,41.7712432,-87.6105673,google,41.7712432,-87.6105673,google,"c(-87.6105673, 41.7712432)",20,10,20010
7,Curb & Gutter Menu,ON E 74TH ST FROM S OGLESBY AV (2332 E) TO S OGLESBY AV (2332 E),2012,3657,5415,E 74TH ST and S OGLESBY AV,E 74TH ST and S OGLESBY AV,41.7607931,-87.5676184,google,41.7607931,-87.5676184,google,"c(-87.5676184, 41.7607931)",7,9,07009
7,Alley Apron Menu,ON E 80TH ST FROM 2600 E TO S COLFAX AVE (2600 E),2014,8924,5473,2600 E 80TH ST,E 80TH ST and S COLFAX AVE,41.7499655,-87.5613523,google,41.7499655,-87.5613523,google,"c(-87.5613523, 41.7499655)",7,6,07006
6,Curb & Gutter Menu,ON E 83RD ST FROM S RHODES AVE (530 E) TO S RHODES AVE (530 E),2015,25399,4842,E 83RD ST and S RHODES AVE,E 83RD ST and S RHODES AVE,41.7438634,-87.6110867,google,41.7438634,-87.6110867,google,"c(-87.6110867, 41.7438634)",6,47,06047
8,Street Resurfacing Menu,ON E 84TH PL FROM S BLACKSTONE AVE (1500 E) TO S STONY ISLAND,2020,50603.11,6504,E 84TH PL and S BLACKSTONE AVE,E 84TH PL and S STONY ISLAND,41.7414296,-87.5879475,google,41.7414296,-87.5879475,google,"c(-87.5879475, 41.7414296)",8,53,08053
8,Street Light Residential Staggered Piggy Back Menu,ON E 88TH ST FROM 1200 east E TO S KIMBARK AVE (1300 E),2018,42000,6437,E 88TH ST and 1200 east E,E 88TH ST and S KIMBARK AVE,NA,NA,google,41.7349915,-87.5929535,google,"c(-87.5929535, 41.7349915)",8,1,08001
8,Street Resurfacing Menu,ON E 88TH ST FROM S CRANDON AV (2300 E) TO S OGLESBY AV (2332 E),2012,15659,6192,E 88TH ST and S CRANDON AV,E 88TH ST and S OGLESBY AV,41.7353321,-87.5684004,google,NA,NA,NA,"c(-87.5684004, 41.7353321)",8,4,08004
5,Street Resurfacing Menu,ON E MARQUETTE RD FROM S DORCHESTER AVE (1360 E) TO S DORCHESTER AVE (1360 E),2019,5228.32,4434,E MARQUETTE RD and S DORCHESTER AVE,E MARQUETTE RD and S DORCHESTER AVE,41.775124,-87.591168,google,41.775124,-87.591168,google,"c(-87.591168, 41.775124)",5,5,05005
4,Curb & Gutter Menu,ON E PERSHING RD FROM S ELLIS AV (839 E) TO S ELLIS AV (839 E),2013,25647,3460,E PERSHING RD and S ELLIS AV,E PERSHING RD and S ELLIS AV,41.8243936,-87.605375,google,41.8243936,-87.605375,google,"c(-87.605375, 41.8243936)",4,35,04035
42,Street Bump Outs Menu,ON E SUPERIOR ST FROM N WABASH AV (44 E) TO N WABASH AV (44 E),2013,7410,36706,E SUPERIOR ST and N WABASH AV,E SUPERIOR ST and N WABASH AV,41.89570041800005,-87.62682557099998,census,41.89570041800005,-87.62682557099998,census,"c(-87.626825571, 41.895700418)",42,19,42019
42,Street Bump Outs Menu,ON E WACKER LOWER DR FROM N STETSON LOWER AVE (154 E) TO N COLUMBUS LOWER DR (299 E),2019,88856.01,36992,E WACKER LOWER DR and N STETSON LOWER AVE,E WACKER LOWER DR and N COLUMBUS LOWER DR,41.8880601,-87.6237243,google,41.8880601,-87.6237243,google,"c(-87.6237243, 41.8880601)",42,44,42044
42,Curb & Gutter Menu,ON E WALTON ST FROM N MIES VAN DER ROHE WY (236 E) TO N MIES VAN DER ROHE WY (236 E),2012,35170,36622,E WALTON ST and N MIES VAN DER ROHE WY,E WALTON ST and N MIES VAN DER ROHE WY,41.90004591700006,-87.62188512999995,census,41.90004591700006,-87.62188512999995,census,"c(-87.62188513, 41.9000459170001)",42,29,42029
38,Sidewalk Menu,ON EASTWOOD FROM N MCVICKER AV (6032 W) TO N AUSTIN AV (6000 W),2012,55359,33509,EASTWOOD and N MCVICKER AV,EASTWOOD and N AUSTIN AV,41.96476208300004,-87.77837934399997,census,NA,NA,google,"c(-87.778379344, 41.964762083)",38,32,38032
41,Curb & Gutter Menu,ON N ALGONQUIN AVE FROM N HIAWATHA AV (6530 N) TO N HIAWATHA AV (6583 N),2012,9506,35846,N ALGONQUIN AVE and N HIAWATHA AV,N ALGONQUIN AVE and N HIAWATHA AV,42.0008384,-87.7650339,google,42.0008384,-87.7650339,google,"c(-87.7650339, 42.0008384)",41,44,41044
45,Street Resurfacing Menu (1-5),ON N AVONDALE AVE FROM N MOODY AVE (5500 N) TO N AUSTIN AV JFK XR (5430 N),2016,126725.1,39489,N AVONDALE AVE and N MOODY AVE,N AVONDALE AVE and N AUSTIN AV JFK XR,41.98091801000004,-87.78219421799997,census,NA,NA,google,"c(-87.782194218, 41.98091801)",45,15,45015
41,Street Resurfacing Menu,ON N CHESTER AVE FROM W ARGYLE ST (5000 N) TO W WINONA ST (5120 N) ON N NEWCASTLE AVE FROM W RAVEN ST (6142 N) TO W,2012,52043,35872,N CHESTER AVE FROM W ARGYLE ST (5000 N) TO W WINONA ST (5120 N) ON N NEWCASTLE AVE and W ARGYLE ST TO W WINONA ST ON N NEWCASTLE AVE FROM W RAVEN ST,N CHESTER AVE FROM W ARGYLE ST (5000 N) TO W WINONA ST (5120 N) ON N NEWCASTLE AVE and W WINONA ST ON N NEWCASTLE AVE FROM W RAVEN ST TO W,41.9936996,-87.7912822,google,41.9936996,-87.7912822,google,"c(-87.7912822, 41.9936996)",41,35,41035
45,Street Bump Outs Menu,ON N CICERO AVE FROM W BERTEAU AV (4140 N) TO W BERTEAU AV (4200 N),2012,5937,39271,N CICERO AVE and W BERTEAU AV,N CICERO AVE and W BERTEAU AV,41.9570638,-87.7474702,google,41.9570638,-87.7474702,google,"c(-87.7474702, 41.9570638)",45,7,45007
43,Bollard Menu,ON N COMMONWEALTH AVE FROM 2376 N TO W BELDEN AV (2300 N),2012,1260,37542,2376 N COMMONWEALTH AVE,N COMMONWEALTH AVE and W BELDEN AV,NA,NA,census,41.92379541100007,-87.63804909699996,census,"c(-87.638049097, 41.9237954110001)",43,32,43032
33,Sidewalk Menu,ON N ELSTON AVE FROM N TROY ST (3450 N) TO N TROY ST (3526 N),2012,11754,28969,N ELSTON AVE and N TROY ST,N ELSTON AVE and N TROY ST,41.9453577,-87.706951,google,41.9453577,-87.706951,google,"c(-87.706951, 41.9453577)",33,12,33012
40,Curb & Gutter Menu,ON N FRANCISCO AVE FROM W HOLLYWOOD AV (5700 N) TO W HOLLYWOOD AV (5700 N),2012,39255,35031,N FRANCISCO AVE and W HOLLYWOOD AV,N FRANCISCO AVE and W HOLLYWOOD AV,41.98492985800005,-87.70163969499998,census,41.98492985800005,-87.70163969499998,census,"c(-87.701639695, 41.9849298580001)",40,30,40030
43,Sidewalk Menu,ON N GENEVA TR FROM W KEMPER PL (2332 N) TO W KEMPER PL (2332 N),2012,28681,37582,N GENEVA TR and W KEMPER PL,N GENEVA TR and W KEMPER PL,41.92461948800008,-87.64387391399998,census,41.92461948800008,-87.64387391399998,census,"c(-87.643873914, 41.9246194880001)",43,20,43020
27,Sidewalk Menu,ON N HALSTED ST FROM W KINZIE ST (400 N) TO W KINZIE ST (400 N),2013,17482,23601,N HALSTED ST and W KINZIE ST,N HALSTED ST and W KINZIE ST,41.8887431,-87.6744146,google,41.8887431,-87.6744146,google,"c(-87.6744146, 41.8887431)",27,27,27027
42,Street Resurfacing Menu,ON N JEFFERSON ST FROM W ADAMS ST (200 S) TO W JACKSON BLVD (300 S),2017,31063.89,36934,N JEFFERSON ST and W ADAMS ST,N JEFFERSON ST and W JACKSON BLVD,NA,NA,google,41.878004874000055,-87.64253529099994,census,"c(-87.6425352909999, 41.8780048740001)",2,12,02012
45,Sidewalk Menu,ON N LAVERGNE AVE FROM W STRONG ST (4932 N) TO W STRONG ST (4932 N),2013,1643,39301,N LAVERGNE AVE and W STRONG ST,N LAVERGNE AVE and W STRONG ST,41.970707496000045,-87.75271236399999,census,41.970707496000045,-87.75271236399999,census,"c(-87.752712364, 41.970707496)",45,37,45037
50,Sidewalk Menu,ON N LEAVITT ST FROM W THOME AVE (6230 N) TO W ROSEMONT AVE (6300 N) ON W GRANVILLE AVE FROM N HOYNE AVE (2100 W) TO N,2014,29716,43270,N LEAVITT ST FROM W THOME AVE (6230 N) TO W ROSEMONT AVE (6300 N) ON W GRANVILLE AVE and W THOME AVE TO W ROSEMONT AVE ON W GRANVILLE AVE FROM N HOYNE AVE,N LEAVITT ST FROM W THOME AVE (6230 N) TO W ROSEMONT AVE (6300 N) ON W GRANVILLE AVE and W ROSEMONT AVE ON W GRANVILLE AVE FROM N HOYNE AVE TO N,41.9096503,-87.6777658,google,NA,NA,google,"c(-87.6777658, 41.9096503)",1,8,01008
41,Street Resurfacing Menu,ON N MANKATO AVE FROM N IONIA AVE (7200 N) TO N HIAWATHA AVE (7130 N),2021,90297.08,36145,N MANKATO AVE and N IONIA AVE,N MANKATO AVE and AVE FROM N IONIA AVE TO N HIAWATHA AVE,42.011746526000024,-87.77696434399996,census,NA,NA,google,"c(-87.776964344, 42.011746526)",41,39,41039
38,Sidewalk Menu,ON N MCVICKER AVE FROM W CULLOM AV (4300 N) TO W CULLOM AV (4300 N),2012,21720,33506,N MCVICKER AVE and W CULLOM AV,N MCVICKER AVE and W CULLOM AV,41.95851115800008,-87.77817834999996,census,41.95851115800008,-87.77817834999996,census,"c(-87.77817835, 41.9585111580001)",38,21,38021
41,Curb & Gutter Menu,ON N MINNEHAHA AVE FROM N HIAWATHA AV (6482 N) TO N HIAWATHA AV (6482 N),2012,9327,35844,N MINNEHAHA AVE and N HIAWATHA AV,N MINNEHAHA AVE and N HIAWATHA AV,41.99889896600007,-87.76088479499998,census,41.99889896600007,-87.76088479499998,census,"c(-87.760884795, 41.9988989660001)",41,19,41019
41,Street Resurfacing Menu,ON N NEWARK AVE FROM W THORNDALE AVE (5900 N) TO N AVONDALE AVE (6000 N) ON W RASCHER AVE FROM W TALCOTT AVE (6740 W) TO N,2014,73783,35923,N NEWARK AVE FROM W THORNDALE AVE (5900 N) TO N AVONDALE AVE (6000 N) ON W RASCHER AVE and W THORNDALE AVE TO N AVONDALE AVE ON W RASCHER AVE FROM W TALCOTT AVE,N NEWARK AVE FROM W THORNDALE AVE (5900 N) TO N AVONDALE AVE (6000 N) ON W RASCHER AVE and N AVONDALE AVE ON W RASCHER AVE FROM W TALCOTT AVE TO N,41.9864852,-87.8083082,google,41.9864852,-87.8083082,google,"c(-87.8083082, 41.9864852)",41,43,41043
38,Sidewalk Menu,ON N OAK PARK AVE FROM W ADDISON ST (3600 N) TO W ADDISON ST (3600 N),2012,10190,33505,N OAK PARK AVE and W ADDISON ST,N OAK PARK AVE and W ADDISON ST,41.94548270300004,-87.79598645099998,census,41.94548270300004,-87.79598645099998,census,"c(-87.795986451, 41.945482703)",38,8,38008
41,Street Resurfacing Menu,ON N PANAMA AVE FROM W GREGORY ST (5520 N) TO W GREGORY ST (5520 N),2012,46805,35865,N PANAMA AVE and W GREGORY ST,N PANAMA AVE and W GREGORY ST,41.980250709000074,-87.82930327699995,census,41.980250709000074,-87.82930327699995,census,"c(-87.829303277, 41.9802507090001)",41,32,41032
26,Street Speed Hump Menu,ON N SACRAMENTO AVE FROM W CORTEZ ST (1050 N) TO W THOMAS ST (1100 N),2021,1175,23131,N SACRAMENTO AVE and W CORTEZ ST,N SACRAMENTO AVE and AVE FROM W CORTEZ ST TO W THOMAS ST,41.9004559,-87.7017476,google,NA,NA,google,"c(-87.7017476, 41.9004559)",26,27,26027
44,Sidewalk Menu,ON N SOUTHPORT AVE FROM W BELMONT AV (3200 N) TO W BELMONT AV (3200 N),2012,15604,38379,N SOUTHPORT AVE and W BELMONT AV,N SOUTHPORT AVE and W BELMONT AV,41.93976642400003,-87.66382059499995,census,41.93976642400003,-87.66382059499995,census,"c(-87.6638205949999, 41.939766424)",44,9,44009
44,Street Bump Outs Menu,ON N SOUTHPORT AVE FROM W EDDY ST (3532 N) TO W EDDY ST (3532 N),2013,19202,38460,N SOUTHPORT AVE and W EDDY ST,N SOUTHPORT AVE and W EDDY ST,41.94614598500005,-87.66398942999996,census,41.94614598500005,-87.66398942999996,census,"c(-87.66398943, 41.9461459850001)",44,11,44011
42,Street Resurfacing Menu,ON N STATE ST FROM W KINZIE ST (400 N) TO W KINZIE ST (400 N),2012,44252,36648,N STATE ST and W KINZIE ST,N STATE ST and W KINZIE ST,41.88925251900008,-87.62801947799994,census,41.88925251900008,-87.62801947799994,census,"c(-87.6280194779999, 41.8892525190001)",42,55,42055
42,Sidewalk Menu,ON N WELLS ST FROM W ILLINOIS ST (500 N) TO W ILLINOIS ST (500 N),2012,15359,36640,N WELLS ST and W ILLINOIS ST,N WELLS ST and W ILLINOIS ST,41.89078811600007,-87.63404528899997,census,41.89078811600007,-87.63404528899997,census,"c(-87.634045289, 41.8907881160001)",42,46,42046
41,Street Resurfacing Menu,ON N WESLEY TR FROM W FOSTER AV (5200 N) TO CITY LIMITS (0 N),2012,6950,35861,N WESLEY TR and W FOSTER AV,N WESLEY TR and CITY LIMITS,41.97326816500003,-87.86406726299998,census,NA,NA,google,"c(-87.864067263, 41.973268165)",41,27,41027
36,Sidewalk Menu,ON NATCHEZ FROM W BELMONT AV (3200 N) TO W BELMONT AV (3200 N),2012,2094,31715,NATCHEZ and W BELMONT AV,NATCHEZ and W BELMONT AV,41.9382721,-87.7883515,google,41.9382721,-87.7883515,google,"c(-87.7883515, 41.9382721)",36,17,36017
42,Street Light Pole Painting,ON OHIO FROM N CLARK ST (100 W) TO N FRANKLIN ST (300 W),2012,3300,36661,OHIO and N CLARK ST,OHIO and N FRANKLIN ST,41.892428230000064,-87.63114292999995,census,NA,NA,google,"c(-87.63114293, 41.8924282300001)",42,58,42058
42,Street Light Upgrade,ON OHIO FROM N CLARK ST (100 W) TO N FRANKLIN ST (300 W),2012,7200,36670,OHIO and N CLARK ST,OHIO and N FRANKLIN ST,41.892428230000064,-87.63114292999995,census,NA,NA,google,"c(-87.63114293, 41.8924282300001)",42,58,42058
42,Traffic Equipment,ON OHIO FROM N CLARK ST (100 W) TO N FRANKLIN ST (300 W),2012,6050,36678,OHIO and N CLARK ST,OHIO and N FRANKLIN ST,41.892428230000064,-87.63114292999995,census,NA,NA,google,"c(-87.63114293, 41.8924282300001)",42,58,42058
3,Street Light Upgrade,ON PRINCETON FROM W GARFIELD BV (5500 S) TO W 57 ST (5700 S),2012,2100,2785,PRINCETON and W GARFIELD BV,PRINCETON and W 57th ST,41.7941746,-87.6548894,google,NA,NA,google,"c(-87.6548894, 41.7941746)",16,18,16018
2,Alley Apron Menu,ON S ASHLAND AVE FROM 333 S TO W JACKSON BV (300 S),2012,11545,1931,333 S ASHLAND AVE,S ASHLAND AVE and W JACKSON BV,NA,NA,census,41.8776134,-87.6667468,google,"c(-87.6667468, 41.8776134)",2,13,02013
10,Street Resurfacing Menu,ON S BALTIMORE AVE FROM E 130 ST (13000 S) TO E 129 ST (12900 S),2012,21217,8030,S BALTIMORE AVE and E 130th ST,S BALTIMORE AVE and E 129th ST,41.65915818700006,-87.54713130499994,census,NA,NA,google,"c(-87.5471313049999, 41.6591581870001)",10,24,10024
25,Sidewalk Menu,ON S BLUE ISLAND AVE FROM W 18 ST (1800 S) TO W 18 ST (1800 S),2012,9305,21875,S BLUE ISLAND AVE and W 18th ST,S BLUE ISLAND AVE and W 18th ST,41.85788131800007,-87.66115138999999,census,41.85788131800007,-87.66115138999999,census,"c(-87.66115139, 41.8578813180001)",25,24,25024
9,Street Resurfacing Menu,ON S CALUMET AVE FROM E 117 ST (11704 S) TO E 118 ST (11800 S),2013,30457,7021,S CALUMET AVE and E 117th ST,S CALUMET AVE and E 118th ST,41.6813942,-87.6147055,google,NA,NA,google,"c(-87.6147055, 41.6813942)",9,28,09028
4,Sidewalk Menu,ON S COTTAGE GROVE AVE FROM E 37TH ST (3700 S) TO E 37TH PL (3729 S),2019,30109.3,3729,S COTTAGE GROVE AVE and E 37TH ST,S COTTAGE GROVE AVE and E 37TH PL,41.8268215,-87.6083631,google,41.8268215,-87.6083631,google,"c(-87.6083631, 41.8268215)",4,20,04020
19,Street Resurfacing Menu,ON S FAIRFIELD AVE FROM W 103RD ST (10300 S) TO W VAN SCHAIK AVE (10400 S),2014,39779,16623,S FAIRFIELD AVE and W 103RD ST,S FAIRFIELD AVE and W VAN SCHAIK AVE,41.7062849,-87.6898364,google,NA,NA,google,"c(-87.6898364, 41.7062849)",19,1,19001
9,Street Resurfacing Menu,ON S FORRESTVILLE AVE FROM E 132 ST (13200 S) TO E 132 ST (13200 S),2012,11298,7004,S FORRESTVILLE AVE and E 132nd ST,S FORRESTVILLE AVE and E 132nd ST,41.655443811000055,-87.60853508399998,census,41.655443811000055,-87.60853508399998,census,"c(-87.608535084, 41.6554438110001)",9,33,09033
20,Street Resurfacing Menu,ON S FRONTENAC AVE FROM W 60TH PL (6030 S) TO W 60TH ST (6020 S),2020,36586.56,17466,S FRONTENAC AVE and W 60TH PL,S FRONTENAC AVE and W 60TH ST,41.78436561800004,-87.63960077299998,census,41.78436561800004,-87.63960077299998,census,"c(-87.639600773, 41.784365618)",20,39,20039
34,Bollard Menu,ON S JUSTINE ST FROM 122 S TO W 122 ST (12200 S),2012,10700,29919,122 S JUSTINE ST,S JUSTINE ST and W 122nd ST,41.6720811,-87.6599888,google,41.6720811,-87.6599888,google,"c(-87.6599888, 41.6720811)",34,51,34051
24,Street Speed Hump Menu,ON S KARLOV AVE FROM W 21ST ST (2100 S) TO W 21ST PL (2130 S),2016,3700,21080,S KARLOV AVE and W 21ST ST,S KARLOV AVE and W 21ST PL,41.8534637,-87.7272267,google,41.8534637,-87.7272267,google,"c(-87.7272267, 41.8534637)",24,36,24036
22,Street Resurfacing Menu,ON S KARLOV AVE FROM W 24TH ST (2400 S) TO W 24TH PL (2440 S),2013,10521,18720,S KARLOV AVE and W 24TH ST,S KARLOV AVE and W 24TH PL,41.8469737,-87.7262522,google,41.8469737,-87.7262522,google,"c(-87.7262522, 41.8469737)",22,23,22023
7,Sidewalk Menu,ON S KINGSTON AVE FROM E 79 ST (7900 S) TO E 79 ST (7900 S),2013,2466,5452,S KINGSTON AVE and E 79th ST,S KINGSTON AVE and E 79th ST,41.75178041200007,-87.56259581099994,census,41.75178041200007,-87.56259581099994,census,"c(-87.5625958109999, 41.7517804120001)",7,17,07017
22,Street Resurfacing Menu,ON S KNOX AVE FROM W 42ND ST (4200 S) TO W 43RD ST (4299 S),2013,54606,18726,S KNOX AVE and W 42ND ST,S KNOX AVE and W 43RD ST,NA,NA,google,41.81498510000006,-87.73969998799998,census,"c(-87.739699988, 41.8149851000001)",14,2,14002
13,Street Bump Outs Menu,ON S LAWLER AVE FROM W 63RD ST (6300 S) TO W 63RD PL (6330 S),2016,1074.95,11018,S LAWLER AVE and W 63RD ST,S LAWLER AVE and W 63RD PL,41.77743533300003,-87.74840706399993,census,41.77743533300003,-87.74840706399993,census,"c(-87.7484070639999, 41.777435333)",13,13,13013
13,Street Bump Outs Menu,ON S LAWLER AVE FROM W 63RD ST (6300 S) TO W 63RD PL (6330 S),2017,3254.94,11089,S LAWLER AVE and W 63RD ST,S LAWLER AVE and W 63RD PL,41.77743533300003,-87.74840706399993,census,41.77743533300003,-87.74840706399993,census,"c(-87.7484070639999, 41.777435333)",13,13,13013
19,Street Resurfacing Menu,ON S LEAVITT ST FROM W 92ND ST (9200 S) TO W 92ND PL (9240 S),2018,26485.11,16751,S LEAVITT ST and W 92ND ST,S LEAVITT ST and W 92ND PL,41.725349652000034,-87.67734349599993,census,41.725349652000034,-87.67734349599993,census,"c(-87.6773434959999, 41.725349652)",19,18,19018
11,Sidewalk Menu,ON S LITUANICA AVE FROM W 31 PL (3130 S) TO W 31 PL (3130 S),2012,5401,8822,S LITUANICA AVE and W 31st PL,S LITUANICA AVE and W 31st PL,41.83801503500007,-87.64870179799999,census,41.83801503500007,-87.64870179799999,census,"c(-87.648701798, 41.8380150350001)",11,4,11004
11,Curb & Gutter Menu,ON S LOOMIS ST FROM S LYMAN ST (3011 S) TO S LYMAN ST (3011 S),2013,3964,8870,S LOOMIS ST and S LYMAN ST,S LOOMIS ST and S LYMAN ST,41.839749,-87.6558871,google,41.839749,-87.6558871,google,"c(-87.6558871, 41.839749)",11,8,11008
25,Street Light Arterial,ON S LOOMIS ST FROM W 18TH ST (1800 S) TO W 18TH PL (1830 S),2013,9000,21921,S LOOMIS ST and W 18TH ST,S LOOMIS ST and W 18TH PL,41.857864,-87.6613234,google,41.857864,-87.6613234,google,"c(-87.6613234, 41.857864)",25,24,25024
11,Sidewalk Menu,ON S MAY ST FROM W 32ND ST (3200 S) TO W 32ND PL (3230 S),2015,3313,8977,S MAY ST and W 32ND ST,S MAY ST and W 32ND PL,41.8352049,-87.6547191,google,41.8352049,-87.6547191,google,"c(-87.6547191, 41.8352049)",11,44,11044
21,Sidewalk Menu,ON S MAY ST FROM W 93 ST (9300 S) TO W 93 ST (9300 S),2012,7141,17927,S MAY ST and W 93rd ST,S MAY ST and W 93rd ST,41.7249936,-87.651823,google,41.7249936,-87.651823,google,"c(-87.651823, 41.7249936)",21,49,21049
3,Sidewalk Menu,ON S MICHIGAN AVE FROM E 37TH ST (3700 S) TO E 37TH PL (3732 S),2018,4100.16,2985,S MICHIGAN AVE and E 37TH ST,S MICHIGAN AVE and E 37TH PL,41.8264924,-87.6231366,google,41.8264924,-87.6231366,google,"c(-87.6231366, 41.8264924)",3,23,03023
23,Street Speed Hump Menu,ON S OAK PARK AVE FROM W 64TH ST (6400 S) TO W 64TH PL (6432 S),2022,2350,20613,S OAK PARK AVE and W 64TH ST,S OAK PARK AVE and W 64TH PL,41.77479828600008,-87.79092139299996,census,41.77479828600008,-87.79092139299996,census,"c(-87.790921393, 41.7747982860001)",23,40,23040
18,Street Light Residential Staggered Piggy Back Menu,ON S OAKLEY AVE FROM W 81ST ST (8100 S) TO W 81ST PL (8140 S),2018,116500,16047,S OAKLEY AVE and W 81ST ST,S OAKLEY AVE and W 81ST PL,41.7454595,-87.6804428,google,41.7454595,-87.6804428,google,"c(-87.6804428, 41.7454595)",18,18,18018
19,Street Resurfacing Menu,ON S SACRAMENTO AVE FROM W 104 ST (10400 S) TO W 105 ST (10500 S),2013,47261,16567,S SACRAMENTO AVE and W 104th ST,S SACRAMENTO AVE and AVE FROM W 104th ST TO W 105th ST,41.704433,-87.6966499,google,NA,NA,google,"c(-87.6966499, 41.704433)",19,6,19006
12,Street Light Residential Staggered Piggy Back Menu,ON S SACRAMENTO AVE FROM W 25TH ST (2500 S) TO W CERMAK RD (2200 S),2016,7294,9987,S SACRAMENTO AVE and W 25TH ST,S SACRAMENTO AVE and AVE FROM W 25TH ST TO W CERMAK RD,41.846396500000026,-87.70019253499999,census,NA,NA,google,"c(-87.700192535, 41.8463965)",12,1,12001
12,Street Resurfacing Menu,ON S SACRAMENTO AVE FROM W 36TH PL (3630 S) TO W 37TH PL (3730 S),2016,23617.17,9995,S SACRAMENTO AVE and W 36TH PL,S SACRAMENTO AVE and AVE FROM W 36TH PL TO W 37TH PL,41.82724977700008,-87.69964985099995,census,NA,NA,google,"c(-87.6996498509999, 41.8272497770001)",12,12,12012
15,Street Light Residential Staggered Piggy Back Menu,ON S SACRAMENTO AVE FROM W 45TH ST (4500 S) TO W 47TH ST (4700 S),2017,166000,13611,S SACRAMENTO AVE and W 45TH ST,S SACRAMENTO AVE and AVE FROM W 45TH ST TO W 47TH ST,41.81183752900006,-87.69921168299999,census,NA,NA,google,"c(-87.699211683, 41.8118375290001)",14,18,14018
14,Sidewalk Menu,ON S SACRAMENTO AVE FROM W 51 ST (5100 S) TO W 52 ST (5200 S),2012,14001,12335,S SACRAMENTO AVE and W 51st ST,S SACRAMENTO AVE and AVE FROM W 51st ST TO W 52nd ST,41.8009056,-87.6988912,google,NA,NA,google,"c(-87.6988912, 41.8009056)",14,25,14025
14,Street Speed Hump Menu,ON S SACRAMENTO AVE FROM W 51ST ST (5100 S) TO W 52ND ST (5200 S),2015,3700,12627,S SACRAMENTO AVE and W 51ST ST,S SACRAMENTO AVE and AVE FROM W 51ST ST TO W 52ND ST,41.8009056,-87.6988912,google,NA,NA,google,"c(-87.6988912, 41.8009056)",14,25,14025
14,Sidewalk Menu,ON S SACRAMENTO AVE FROM W 52 ST (5200 S) TO W 53 ST (5300 S),2012,9422,12322,S SACRAMENTO AVE and W 52nd ST,S SACRAMENTO AVE and AVE FROM W 52nd ST TO W 53rd ST,41.7990947,-87.6988449,google,NA,NA,google,"c(-87.6988449, 41.7990947)",14,19,14019
14,Street Resurfacing Menu,ON S SACRAMENTO AVE FROM W 53RD PL (5330 S) TO W 55TH ST (5500 S),2015,132319,12614,S SACRAMENTO AVE and W 53RD PL,S SACRAMENTO AVE and AVE FROM W 53RD PL TO W 55TH ST,41.7963308,-87.6987422,google,NA,NA,google,"c(-87.6987422, 41.7963308)",14,26,14026
14,Sidewalk Menu,ON S SACRAMENTO AVE FROM W 53 ST (5300 S) TO W 54 ST (5400 S),2012,29839,12346,S SACRAMENTO AVE and W 53rd ST,S SACRAMENTO AVE and AVE FROM W 53rd ST TO W 54th ST,41.7963308,-87.6987422,google,NA,NA,google,"c(-87.6987422, 41.7963308)",14,26,14026
14,Street Speed Hump Menu,ON S SACRAMENTO AVE FROM W 53RD ST (5300 S) TO W 55TH ST (5500 S),2015,3700,12621,S SACRAMENTO AVE and W 53RD ST,S SACRAMENTO AVE and AVE FROM W 53RD ST TO W 55TH ST,41.7963308,-87.6987422,google,NA,NA,google,"c(-87.6987422, 41.7963308)",14,26,14026
14,Alley Apron Menu,ON S SACRAMENTO AVE FROM W 54TH PL (5430 S) TO W 54TH ST (5400 S),2021,4363.445,12899,S SACRAMENTO AVE and W 54TH PL,S SACRAMENTO AVE and AVE FROM W 54TH PL TO W 54TH ST,41.7945062,-87.698699,google,NA,NA,google,"c(-87.698699, 41.7945062)",14,26,14026
14,Sidewalk Menu,ON S SACRAMENTO AVE FROM W 54 ST (5400 S) TO W 55 ST (5500 S),2012,1572,12351,S SACRAMENTO AVE and W 54th ST,S SACRAMENTO AVE and AVE FROM W 54th ST TO W 55th ST,41.7945062,-87.698699,google,NA,NA,google,"c(-87.698699, 41.7945062)",14,26,14026
14,Street Resurfacing Menu,ON S SACRAMENTO AVE FROM W 55TH ST (5500 S) TO W 59TH ST (5900 S),2019,1306.49,12853,S SACRAMENTO AVE and W 55TH ST,S SACRAMENTO AVE and AVE FROM W 55TH ST TO W 59TH ST,41.7936005,-87.6986753,google,NA,NA,google,"c(-87.6986753, 41.7936005)",14,24,14024
14,Street Resurfacing Menu,ON S SACRAMENTO AVE FROM W 55TH ST (5500 S) TO W 59TH ST (5900 S),2020,319476.21,12894,S SACRAMENTO AVE and W 55TH ST,S SACRAMENTO AVE and AVE FROM W 55TH ST TO W 59TH ST,41.7936005,-87.6986753,google,NA,NA,google,"c(-87.6986753, 41.7936005)",14,24,14024
14,Sidewalk Menu,ON S SACRAMENTO AVE FROM W 57TH ST (5700 S) TO W 58TH ST (5800 S),2019,27001.6,12805,S SACRAMENTO AVE and W 57TH ST,S SACRAMENTO AVE and AVE FROM W 57TH ST TO W 58TH ST,41.7899651,-87.6985577,google,NA,NA,google,"c(-87.6985577, 41.7899651)",14,32,14032
16,Sidewalk Menu,ON S SACRAMENTO AVE FROM W 58TH ST (5800 S) TO W 59TH ST (5900 S),2016,19412.84,14463,S SACRAMENTO AVE and W 58TH ST,S SACRAMENTO AVE and AVE FROM W 58TH ST TO W 59TH ST,41.7881384,-87.698527,google,NA,NA,google,"c(-87.698527, 41.7881384)",14,32,14032
16,Sidewalk Menu,ON S SACRAMENTO AVE FROM W 59TH ST (5900 S) TO W 60TH ST (6000 S),2018,37324.01,14553,S SACRAMENTO AVE and W 59TH ST,S SACRAMENTO AVE and AVE FROM W 59TH ST TO W 60TH ST,41.7863193,-87.6984752,google,NA,NA,google,"c(-87.6984752, 41.7863193)",16,35,16035
15,Sidewalk Menu,ON S SACRAMENTO AVE FROM W 60TH ST (6000 S) TO W 61ST ST (6100 S),2014,14159,13432,S SACRAMENTO AVE and W 60TH ST,S SACRAMENTO AVE and AVE FROM W 60TH ST TO W 61ST ST,41.784506314000055,-87.69841574499998,census,NA,NA,google,"c(-87.698415745, 41.7845063140001)",16,35,16035
15,Sidewalk Menu,ON S SACRAMENTO AVE FROM W 61ST ST (6100 S) TO W 62ND ST (6200 S),2014,5633,13440,S SACRAMENTO AVE and W 61ST ST,S SACRAMENTO AVE and AVE FROM W 61ST ST TO W 62ND ST,41.78268530500003,-87.69836750699994,census,NA,NA,google,"c(-87.6983675069999, 41.782685305)",15,39,15039
17,Street Speed Hump Menu,ON S SACRAMENTO AVE FROM W 63RD ST (6300 S) TO W 64TH ST (6400 S),2015,3700,15143,S SACRAMENTO AVE and W 63RD ST,S SACRAMENTO AVE and AVE FROM W 63RD ST TO W 64TH ST,41.77904730700004,-87.69826298999999,census,NA,NA,google,"c(-87.69826299, 41.779047307)",15,15,15015
17,Street Speed Hump Menu,ON S SACRAMENTO AVE FROM W 63RD ST (6300 S) TO W 64THST (6400 S),2021,2350,15360,S SACRAMENTO AVE and W 63RD ST,S SACRAMENTO AVE and AVE FROM W 63RD ST TO W 64THST,41.77904730700004,-87.69826298999999,census,NA,NA,google,"c(-87.69826299, 41.779047307)",15,15,15015
17,Street Resurfacing Menu (1-5),ON S SACRAMENTO AVE FROM W 65TH ST (6500 S) TO W 66TH ST (6600 S),2018,47705.77,15255,S SACRAMENTO AVE and W 65TH ST,S SACRAMENTO AVE and AVE FROM W 65TH ST TO W 66TH ST,41.77540127000003,-87.69817053199995,census,NA,NA,google,"c(-87.6981705319999, 41.77540127)",15,13,15013
18,Street Resurfacing Menu,ON S SACRAMENTO AVE FROM W 71ST ST (7100 S) TO W 72ND ST (7200 S),2014,55801,15909,S SACRAMENTO AVE and W 71ST ST,S SACRAMENTO AVE and AVE FROM W 71ST ST TO W 72ND ST,41.76445913600003,-87.69791727899997,census,NA,NA,google,"c(-87.697917279, 41.764459136)",18,27,18027
18,Street Resurfacing Menu,ON S SACRAMENTO AVE FROM W 82ND ST (8200 S) TO W 83RD ST (8300 S),2020,63397.66,16122,S SACRAMENTO AVE and W 82ND ST,S SACRAMENTO AVE and AVE FROM W 82ND ST TO W 83RD ST,41.74440793800005,-87.69735851499996,census,NA,NA,google,"c(-87.697358515, 41.7444079380001)",18,22,18022
12,Street Light Residential,ON S SACRAMENTO AVE FROM W CERMAK RD (2200 S) TO W 24 ST (2400 S),2013,144000,9862,S SACRAMENTO AVE and W CERMAK RD,S SACRAMENTO AVE and AVE FROM W CERMAK RD TO W 24th ST,41.8518312,-87.7003342,google,NA,NA,google,"c(-87.7003342, 41.8518312)",12,22,12022
12,Street Speed Hump Menu,ON S SACRAMENTO AVE FROM W PERSHING RD (3900 S) TO W 40TH ST (4000 S),2018,3700,10146,S SACRAMENTO AVE and W PERSHING RD,S SACRAMENTO AVE and AVE FROM W PERSHING RD TO W 40TH ST,41.8226781,-87.6995459,google,NA,NA,google,"c(-87.6995459, 41.8226781)",14,12,14012
28,Street Light Pole Painting,ON S SACRAMENTO AVE FROM W POLK ST (800 S) TO W ROOSEVELT RD (1200 S),2015,6300,24541,S SACRAMENTO AVE and W POLK ST,S SACRAMENTO AVE and AVE FROM W POLK ST TO W ROOSEVELT RD,41.871010270000056,-87.70092013499999,census,NA,NA,google,"c(-87.700920135, 41.8710102700001)",2,41,02041
28,Street Light Upgrade,ON S SACRAMENTO AVE FROM W POLK ST (800 S) TO W ROOSEVELT RD (1200 S),2015,8400,24548,S SACRAMENTO AVE and W POLK ST,S SACRAMENTO AVE and AVE FROM W POLK ST TO W ROOSEVELT RD,41.871010270000056,-87.70092013499999,census,NA,NA,google,"c(-87.700920135, 41.8710102700001)",2,41,02041
28,Traffic Signal Pole,ON S SACRAMENTO AVE FROM W POLK ST (800 S) TO W ROOSEVELT RD (1200 S),2015,2950,24550,S SACRAMENTO AVE and W POLK ST,S SACRAMENTO AVE and AVE FROM W POLK ST TO W ROOSEVELT RD,41.871010270000056,-87.70092013499999,census,NA,NA,google,"c(-87.700920135, 41.8710102700001)",2,41,02041
28,Street Resurfacing Menu,ON S SACRAMENTO AVE FROM W TAYLOR ST (1000 S) TO W FILLMORE ST (1100 S),2020,47167.22,24756,S SACRAMENTO AVE and W TAYLOR ST,S SACRAMENTO AVE and AVE FROM W TAYLOR ST TO W FILLMORE ST,41.8692,-87.7008702,google,NA,NA,google,"c(-87.7008702, 41.8692)",28,35,28035
3,Sidewalk Menu,ON S SHIELDS AVE FROM W 43RD ST (4300 S) TO W 43RD PL (4330 S),2019,35011.54,3026,S SHIELDS AVE and W 43RD ST,S SHIELDS AVE and W 43RD PL,41.81546346700003,-87.63469249099995,census,41.81546346700003,-87.63469249099995,census,"c(-87.634692491, 41.815463467)",3,18,03018
20,Sidewalk Menu,ON S STEWART AVE FROM 6202 S TO W 62ND ST (6200 S) ON DR MARTIN LUTHER KING JR DR FROM E 58 ST (5800 S),2013,340,17246,6202 S STEWART AVE FROM 6202 S TO W 62ND ST (6200 S) ON DR MARTIN LUTHER KING JR DR,S STEWART AVE FROM 6202 S TO W 62ND ST (6200 S) ON DR MARTIN LUTHER KING JR DR and W 62ND ST ON DR MARTIN LUTHER KING JR DR FROM E 58th ST,41.780797859000074,-87.63507270699995,census,NA,NA,google,"c(-87.6350727069999, 41.7807978590001)",20,44,20044
11,Street Speed Hump Menu,ON S THROOP ST FROM W 31ST ST (3100 S) TO W 31ST PL (3130 S),2021,2350,9309,S THROOP ST and W 31ST ST,S THROOP ST and W 31ST PL,41.8369664,-87.6584015,google,41.8369664,-87.6584015,google,"c(-87.6584015, 41.8369664)",11,11,11011
11,Sidewalk Menu,ON S UNION AVE FROM W 38 ST (3800 S) TO W 38 ST (3800 S),2012,9062,8826,S UNION AVE and W 38th ST,S UNION AVE and W 38th ST,41.8253099,-87.643529,google,41.8253099,-87.643529,google,"c(-87.643529, 41.8253099)",11,24,11024
11,Sidewalk Menu,ON S UNION AVE FROM W 44 ST (4400 S) TO W 44 ST (4400 S),2012,1449,8823,S UNION AVE and W 44th ST,S UNION AVE and W 44th ST,41.8143827,-87.6432546,google,41.8143827,-87.6432546,google,"c(-87.6432546, 41.8143827)",11,32,11032
20,Street Speed Hump Menu,ON S UNION AVE FROM W 54TH ST (5400 S) TO W 54TH PL (5430 S),2014,1850,17299,S UNION AVE and W 54TH ST,S UNION AVE and W 54TH PL,41.7952556,-87.6427609,google,41.7952556,-87.6427609,google,"c(-87.6427609, 41.7952556)",3,26,03026
16,Street Resurfacing Menu,ON S UNION AVE FROM W 61 ST (6100 S) TO W 61 PL (6132 S),2013,64844,14332,S UNION AVE and W 61st ST,S UNION AVE and W 61st PL,41.7825211,-87.6425562,google,41.7825211,-87.6425562,google,"c(-87.6425562, 41.7825211)",16,25,16025
3,Sidewalk Menu,ON S WABASH AVE FROM E 22ND ST TO E 23RD ST,2015,1,2870,S WABASH AVE and E 22ND ST,S WABASH AVE and E 23RD ST,NA,NA,google,41.851095,-87.6254599,google,"c(-87.6254599, 41.851095)",2,20,02020
2,Sidewalk Menu,ON S WABASH AVE FROM E 24 ST (2400 S) TO E 24 PL (2432 S),2012,29712,1944,S WABASH AVE and E 24th ST,S WABASH AVE and E 24th PL,41.848172,-87.6253715,google,41.848172,-87.6253715,google,"c(-87.6253715, 41.848172)",2,20,02020
11,Sidewalk Menu,ON S WALLACE ST FROM W 46 ST (4600 S) TO W 46 ST (4600 S),2012,17547,8836,S WALLACE ST and W 46th ST,S WALLACE ST and W 46th ST,41.810768,-87.6407186,google,41.810768,-87.6407186,google,"c(-87.6407186, 41.810768)",11,12,11012
21,Sidewalk Menu,ON S WALLACE ST FROM W 91 ST (9100 S) TO W 91 ST (9100 S),2012,3787,17929,S WALLACE ST and W 91st ST,S WALLACE ST and W 91st ST,41.7288358,-87.6385488,google,41.7288358,-87.6385488,google,"c(-87.6385488, 41.7288358)",21,59,21059
12,Street Light Residential Staggered Piggy Back Menu,ON S WASHTENAW AVE FROM W 24TH ST (2400 S) TO W 24TH PL (2420 S),2016,58333.3333333333,9985,S WASHTENAW AVE and W 24TH ST,S WASHTENAW AVE and W 24TH PL,41.8476994,-87.6928497,google,41.8476994,-87.6928497,google,"c(-87.6928497, 41.8476994)",12,18,12018
19,Street Resurfacing Menu (1-5),ON S WASHTENAW AVE FROM W 101ST ST (10100 S) TO W MONSIGNOR MCELLIGOTT AVE (10200 S),2020,55763.39,16800,S WASHTENAW AVE and W 101ST ST,S WASHTENAW AVE and W MONSIGNOR MCELLIGOTT AVE,41.7099552,-87.6891298,google,NA,NA,google,"c(-87.6891298, 41.7099552)",19,45,19045
34,Sidewalk Menu,ON S WENTWORTH AVE FROM W 106 ST (10600 S) TO W 106 PL (10632 S),2012,23943,29934,S WENTWORTH AVE and W 106th ST,S WENTWORTH AVE and W 106th PL,41.7016322,-87.6281304,google,41.7016322,-87.6281304,google,"c(-87.6281304, 41.7016322)",34,18,34018
12,Sidewalk Menu,ON S WESTERN AVE FROM W 47 ST (4700 S) TO W 47 ST (4700 S),2012,30675,9782,S WESTERN AVE and W 47th ST,S WESTERN AVE and W 47th ST,41.8084234,-87.684422,google,41.8084234,-87.684422,google,"c(-87.684422, 41.8084234)",12,17,12017
12,Sidewalk Menu,ON S WOOD ST FROM W 34TH ST (3400 S) TO W 34TH PL (3430 S),2015,4109,9921,S WOOD ST and W 34TH ST,S WOOD ST and W 34TH PL,41.8313558,-87.6704198,google,41.8313558,-87.6704198,google,"c(-87.6704198, 41.8313558)",11,29,11029
8,Street Resurfacing Menu,ON S WOODLAWN AVE FROM E 82ND PL (8231 S) TO E 82ND ST (8200 S),2021,37698.5,6557,S WOODLAWN AVE and E 82ND PL,S WOODLAWN AVE and E 82ND ST,41.74590735600003,-87.59535789299997,census,41.74590735600003,-87.59535789299997,census,"c(-87.595357893, 41.745907356)",8,29,08029
8,Street Resurfacing Menu,ON S WOODLAWNAVE FROM E 82ND PL (8231 S) TO E 82ND ST (8200 S),2021,8823.955,6556,S WOODLAWNAVE and E 82ND PL,S WOODLAWNAVE and E 82ND ST,41.7449906,-87.5953267,google,41.7449906,-87.5953267,google,"c(-87.5953267, 41.7449906)",8,54,08054
14,Sidewalk Menu,ON SACRAMENTO FROM W 54 ST (5400 S) TO W 55 ST (5500 S),2012,1043,12356,SACRAMENTO and W 54th ST,SACRAMENTO and FROM W 54th ST TO W 55th ST,41.7951894,-87.7135952,google,NA,NA,google,"c(-87.7135952, 41.7951894)",23,9,23009
33,Street Light Residential,ON SACRAMENTO FROM W IRVING PARK RD (4000 N) TO W BERTEAU AV (4200 N),2012,144000,28977,SACRAMENTO and W IRVING PARK RD,SACRAMENTO and FROM W IRVING PARK RD TO W BERTEAU AV,41.9540025,-87.7031146,google,NA,NA,google,"c(-87.7031146, 41.9540025)",33,25,33025
1,Street Light Upgrade,ON STAVE FROM W ARMITAGE AV (2000 N) TO W FRANCIS PL (2064 N),2012,700,474,STAVE and W ARMITAGE AV,STAVE and W FRANCIS PL,NA,NA,google,41.919349416000045,-87.69425114199998,census,"c(-87.694251142, 41.919349416)",1,13,01013
19,Street Resurfacing Menu,ON W 103RD ST FROM S TALMAN AV (2632 W) TO S TALMAN AV (2640 W),2012,26568,16548,W 103RD ST and S TALMAN AV,W 103RD ST and S TALMAN AV,41.7063983,-87.6877875,google,41.7063983,-87.6877875,google,"c(-87.6877875, 41.7063983)",19,1,19001
19,Sidewalk Menu,ON W 111TH ST FROM S LAWNDALE AV (3700 W) TO S LAWNDALE AV (3700 W),2012,4335,16533,W 111TH ST and S LAWNDALE AV,W 111TH ST and S LAWNDALE AV,41.6913765,-87.7130599,google,41.6913765,-87.7130599,google,"c(-87.7130599, 41.6913765)",19,4,19004
24,Street Resurfacing Menu,ON W 18TH ST FROM 3650 W TO S LAWNDALE AVE (3700 W),2021,13062.97,21256,3650 W 18TH ST,W 18TH ST and S LAWNDALE AVE,NA,NA,census,41.8571196,-87.7176049,google,"c(-87.7176049, 41.8571196)",24,6,24006
24,Street Resurfacing Menu,ON W 21ST PL FROM 3002 W TO S ALBANY AVE (3100 W),2018,54228.6,21147,3002 W 21ST PL,W 21ST PL and S ALBANY AVE,NA,NA,census,41.852702,-87.7028459,google,"c(-87.7028459, 41.852702)",24,44,24044
22,Sidewalk Menu,ON W 31ST ST FROM S HOMAN AV (3400 W) TO S HOMAN AV (3400 W),2013,44789,18715,W 31ST ST and S HOMAN AV,W 31ST ST and S HOMAN AV,41.837139,-87.709687,google,41.837139,-87.709687,google,"c(-87.709687, 41.837139)",22,15,22015
22,Sidewalk Menu,ON W 31ST ST FROM S KEELER AV (4200 W) TO S KEELER AV (4200 W),2013,27203,18716,W 31ST ST and S KEELER AV,W 31ST ST and S KEELER AV,41.8368227,-87.7292069,google,41.8368227,-87.7292069,google,"c(-87.7292069, 41.8368227)",22,16,22016
22,Sidewalk Menu,ON W 31ST ST FROM S KILDARE AV (4300 W) TO S KILDARE AV (4300 W),2012,43175,18678,W 31ST ST and S KILDARE AV,W 31ST ST and S KILDARE AV,41.8367901,-87.7316513,google,41.8367901,-87.7316513,google,"c(-87.7316513, 41.8367901)",22,16,22016
22,Sidewalk Menu,ON W 31ST ST FROM S SPAULDING AV (3300 W) TO S SPAULDING AV (3300 W),2013,30549,18718,W 31ST ST and S SPAULDING AV,W 31ST ST and S SPAULDING AV,41.8371826,-87.7072592,google,41.8371826,-87.7072592,google,"c(-87.7072592, 41.8371826)",22,15,22015
22,Sidewalk Menu,ON W 31ST ST FROM S ST LOUIS AV (3500 W) TO S ST LOUIS AV (3500 W),2013,49667,18719,W 31ST ST and S ST LOUIS AV,W 31ST ST and S ST LOUIS AV,41.8371069,-87.7121208,google,41.8371069,-87.7121208,google,"c(-87.7121208, 41.8371069)",22,11,22011
12,Street Speed Hump Menu,ON W 35TH ST FROM S FRANCISCO AV (2900 W) TO S RICHMOND ST (2932 W),2013,1850,9853,W 35TH ST and S FRANCISCO AV,W 35TH ST and S RICHMOND ST,41.8299996,-87.6972697,google,41.8299996,-87.6972697,google,"c(-87.6972697, 41.8299996)",12,2,12002
12,Street Resurfacing Menu (1-5),ON W 37TH PL FROM S SACRAMENTO AVE (3000 W) TO S KEDZIE AVE (3200 W),2016,81723.36,9991,W 37TH PL and S SACRAMENTO AVE,W 37TH PL and AVE TO S KEDZIE AVE,41.8253565,-87.6995719,google,NA,NA,google,"c(-87.6995719, 41.8253565)",12,12,12012
11,Sidewalk Menu,ON W 37TH ST FROM S LEAVITT ST (2200 W) TO S LEAVITT ST (2200 W),2012,2447,8825,W 37TH ST and S LEAVITT ST,W 37TH ST and S LEAVITT ST,41.826699,-87.6800575,google,41.826699,-87.6800575,google,"c(-87.6800575, 41.826699)",11,17,11017
11,Sidewalk Menu,ON W 43RD ST FROM S UNION AV (700 W) TO S UNION AV (700 W),2012,36657,8834,W 43RD ST and S UNION AV,W 43RD ST and S UNION AV,41.8152934,-87.6432733,google,41.8152934,-87.6432733,google,"c(-87.6432733, 41.8152934)",11,15,11015
11,Sidewalk Menu,ON W 43RD ST FROM S WALLACE ST (600 W) TO S WALLACE ST (614 W),2012,5119,8838,W 43RD ST and S WALLACE ST,W 43RD ST and S WALLACE ST,41.8153293,-87.6412133,google,41.8153293,-87.6412133,google,"c(-87.6412133, 41.8153293)",11,15,11015
4,Sidewalk Menu,ON W 46TH ST FROM S GREENWOOD AV (1100 E) TO S WOODLAWN AV (1200 E),2012,71664,3423,W 46TH ST and S GREENWOOD AV,W 46TH ST and S WOODLAWN AV,NA,NA,google,41.7587969,-87.5958227,google,"c(-87.5958227, 41.7587969)",5,20,05020
14,Sidewalk Menu,ON W 53RD PL FROM S SACRAMENTO AV (3000 W) TO S ALBANY AV (3100 W),2012,15780,12340,W 53RD PL and S SACRAMENTO AV,W 53RD PL and AV TO S ALBANY AV,41.7963308,-87.6987422,google,NA,NA,google,"c(-87.6987422, 41.7963308)",14,26,14026
14,Sidewalk Menu,ON W 53RD PL FROM S SACRAMENTO AVE (3000 W) TO S ALBANY AVE (3100 W),2017,26067.9,12705,W 53RD PL and S SACRAMENTO AVE,W 53RD PL and AVE TO S ALBANY AVE,41.7963308,-87.6987422,google,NA,NA,google,"c(-87.6987422, 41.7963308)",14,26,14026
14,Sidewalk Menu,ON W 53RD ST FROM S SACRAMENTO AV (3000 W) TO S ALBANY AV (3100 W),2012,10175,12350,W 53RD ST and S SACRAMENTO AV,W 53RD ST and AV TO S ALBANY AV,41.7963308,-87.6987422,google,NA,NA,google,"c(-87.6987422, 41.7963308)",14,26,14026
14,Street Resurfacing Menu (1-5),ON W 53RD ST FROM S SACRAMENTO AVE (3000 W) TO S CALIFORNIA AVE (2800 W),2017,120627.59,12720,W 53RD ST and S SACRAMENTO AVE,W 53RD ST and AVE TO S CALIFORNIA AVE,41.7972538,-87.6987754,google,NA,NA,google,"c(-87.6987754, 41.7972538)",14,19,14019
14,Street Speed Hump Menu,ON W 53RD ST FROM S SACRAMENTO AVE (3000 W) TO S WHIPPLE ST (3030 W),2017,1850,12734,W 53RD ST and S SACRAMENTO AVE,W 53RD ST and AVE TO S WHIPPLE ST,41.7972538,-87.6987754,google,NA,NA,google,"c(-87.6987754, 41.7972538)",14,19,14019
14,Street Speed Hump Menu,ON W 54TH PL FROM S SACRAMENTO AVE (3000 W) TO S KEDZIE AVE (3200 W),2017,7400,12730,W 54TH PL and S SACRAMENTO AVE,W 54TH PL and AVE TO S KEDZIE AVE,41.7945062,-87.698699,google,NA,NA,google,"c(-87.698699, 41.7945062)",14,26,14026
14,Street Resurfacing Menu,ON W 57TH ST FROM S SACRAMENTO AVE (3000 W) TO S KEDZIE AVE (3200 W),2018,152997.23,12785,W 57TH ST and S SACRAMENTO AVE,W 57TH ST and AVE TO S KEDZIE AVE,41.7899651,-87.6985577,google,NA,NA,google,"c(-87.6985577, 41.7899651)",14,32,14032
18,Street Speed Hump Menu,ON W 85TH ST FROM S LAWNDALE AV (3700 W) TO S LAWNDALE AV (3700 W),2012,3700,15862,W 85TH ST and S LAWNDALE AV,W 85TH ST and S LAWNDALE AV,41.738642,-87.7142353,google,41.738642,-87.7142353,google,"c(-87.7142353, 41.738642)",18,7,18007
21,Street Resurfacing Menu,ON W 88TH ST FROM S HALSTED ST (800 W) TO S HALSTED ST (800 W),2012,40029,17939,W 88TH ST and S HALSTED ST,W 88TH ST and S HALSTED ST,41.7343049,-87.6434777,google,41.7343049,-87.6434777,google,"c(-87.6434777, 41.7343049)",21,11,21011
21,Sidewalk Menu,ON W 95TH ST FROM S RACINE AV (1200 W) TO S RACINE AV (1200 W),2012,57400,17922,W 95TH ST and S RACINE AV,W 95TH ST and S RACINE AV,41.721392,-87.6529481,google,41.721392,-87.6529481,google,"c(-87.6529481, 41.721392)",21,49,21049
44,Curb & Gutter Menu,ON W ALDINE AVE FROM N BROADWAY (600 W) TO N BROADWAY (600 W),2012,37611,38352,W ALDINE AVE and N BROADWAY,W ALDINE AVE and N BROADWAY,41.9418609,-87.6444556,google,41.9418609,-87.6444556,google,"c(-87.6444556, 41.9418609)",44,19,44019
36,Sidewalk Menu,ON W BELDEN AVE FROM N NORMANDY AV (6650 W) TO N NORMANDY AV (6650 W),2012,46667,31713,W BELDEN AVE and N NORMANDY AV,W BELDEN AVE and N NORMANDY AV,41.9211924,-87.7923374,google,41.9211924,-87.7923374,google,"c(-87.7923374, 41.9211924)",36,3,36003
48,Street Light Pole Painting,ON W BRYN MAWR AVE FROM N BRYN MAWR AV LSD ER (930 W) TO N LSD BRYN MAWR AV XR (900 W),2014,1500,41766,W BRYN MAWR AVE and N BRYN MAWR AV LSD ER,W BRYN MAWR AVE and N LSD BRYN MAWR AV XR,NA,NA,google,41.9829975,-87.7496357,google,"c(-87.7496357, 41.9829975)",45,36,45036
44,Sidewalk Menu,ON W DIVERSEY PKWY FROM N CLARK ST (637 W) TO N CLARK ST (637 W),2012,11995,38386,W DIVERSEY PKWY and N CLARK ST,W DIVERSEY PKWY and N CLARK ST,41.9327926,-87.6449142,google,41.9327926,-87.6449142,google,"c(-87.6449142, 41.9327926)",43,45,43045
41,Street Resurfacing Menu,ON W ESTES AVE FROM N MERRIMAC AV (6233 W) TO N MERRIMAC AV (6233 W),2012,15141,35869,W ESTES AVE and N MERRIMAC AV,W ESTES AVE and N MERRIMAC AV,42.01013857200007,-87.78313085099995,census,42.01013857200007,-87.78313085099995,census,"c(-87.783130851, 42.0101385720001)",41,39,41039
40,Curb & Gutter Menu,ON W FARRAGUT AVE FROM N HONORE ST (1820 W) TO N HONORE ST (1820 W),2012,9241,35028,W FARRAGUT AVE and N HONORE ST,W FARRAGUT AVE and N HONORE ST,41.97698656100005,-87.67544610899995,census,41.97698656100005,-87.67544610899995,census,"c(-87.6754461089999, 41.976986561)",40,23,40023
40,Street Resurfacing Menu,ON W FARRAGUT AVE FROM N LEAVITT ST (2200 W) TO N DAMEN AV (2000 W) ON N PAULINA ST FROM W THORNDALE AV (5840 N) TO W,2013,75103,35094,W FARRAGUT AVE FROM N LEAVITT ST (2200 W) TO N DAMEN AV (2000 W) ON N PAULINA ST and N LEAVITT ST TO N DAMEN AV ON N PAULINA ST FROM W THORNDALE AV,W FARRAGUT AVE FROM N LEAVITT ST (2200 W) TO N DAMEN AV (2000 W) ON N PAULINA ST and N DAMEN AV ON N PAULINA ST FROM W THORNDALE AV TO W,41.988576,-87.6996448,google,NA,NA,google,"c(-87.6996448, 41.988576)",40,30,40030
27,Street Resurfacing Menu,ON W FULTON BLVD FROM N SACRAMENTO BLVD (3000 W) TO N KEDZIE AVE (3200 W),2022,143661.63,23983,W FULTON BLVD and N SACRAMENTO BLVD,W FULTON BLVD and BLVD TO N KEDZIE AVE,41.8864977,-87.7013495,google,NA,NA,google,"c(-87.7013495, 41.8864977)",27,36,27036
27,Street Light Residential,ON W FULTON BLVD FROM N SACRAMENTO BV (3000 W) TO N KEDZIE AV (3200 W),2013,16000,23619,W FULTON BLVD and N SACRAMENTO BV,W FULTON BLVD and BV TO N KEDZIE AV,41.8864977,-87.7013495,google,NA,NA,google,"c(-87.7013495, 41.8864977)",27,36,27036
35,Sidewalk Menu,ON W LOGAN SQ N BLVD FROM N TROY ST (3128 W) TO N TROY ST (3128 W),2013,18542,30859,W LOGAN SQ N BLVD and N TROY ST,W LOGAN SQ N BLVD and N TROY ST,41.9287718,-87.7061011,google,41.9287718,-87.7061011,google,"c(-87.7061011, 41.9287718)",35,7,35007
44,Curb & Gutter Menu,ON W MELROSE ST FROM N BROADWAY (600 W) TO N BROADWAY (600 W),2012,34406,38348,W MELROSE ST and N BROADWAY,W MELROSE ST and N BROADWAY,41.941137205000075,-87.64443267799999,census,41.941137205000075,-87.64443267799999,census,"c(-87.644432678, 41.9411372050001)",44,19,44019
44,Street Bump Outs Menu,ON W OAKDALE AVE FROM N HALSTED ST (800 W) TO N HALSTED ST (800 W),2013,13414,38459,W OAKDALE AVE and N HALSTED ST,W OAKDALE AVE and N HALSTED ST,41.9354421,-87.6491154,google,41.9354421,-87.6491154,google,"c(-87.6491154, 41.9354421)",44,29,44029
26,Curb & Gutter Menu,ON W REFECTORY DR FROM W HUMBOLT DR TO W PARKING LOT DR,2012,78593,22651,W REFECTORY DR and W HUMBOLT DR,W REFECTORY DR and W PARKING LOT DR,41.9011913,-87.7022585,google,NA,NA,google,"c(-87.7022585, 41.9011913)",26,27,26027
44,Sidewalk Menu,ON W SURF ST FROM N PINE GROVE AV (450 W) TO N PINE GROVE AV (500 W),2012,16476,38376,W SURF ST and N PINE GROVE AV,W SURF ST and N PINE GROVE AV,41.9342827,-87.6417733,google,41.9342827,-87.6417733,google,"c(-87.6417733, 41.9342827)",44,41,44041
40,Street Resurfacing Menu,ON W THOME AVE FROM N RAVENSWOOD AVE E (1781 W) TO N RAVENSWOOD AVE W (1800 W),2020,11694.93,35390,W THOME AVE and N RAVENSWOOD AVE E,W THOME AVE and N RAVENSWOOD AVE W,41.99556246000003,-87.67493156299997,census,41.99556246000003,-87.67493156299997,census,"c(-87.674931563, 41.99556246)",40,37,40037
42,Street Resurfacing Menu,ON W WACKER DR FROM N COLUMBUS DR (300 E) TO N LSD WACKER DR XR (490 E),2014,147761,36740,W WACKER DR and N COLUMBUS DR,W WACKER DR and N LSD WACKER DR XR,41.8878169,-87.6204934,google,41.8878169,-87.6204934,google,"c(-87.6204934, 41.8878169)",42,50,42050
47,Sidewalk Menu,ON W WAVELAND AVE FROM N WOLCOTT AV (1900 W) TO N WOLCOTT AV (1900 W),2012,1972,40726,W WAVELAND AVE and N WOLCOTT AV,W WAVELAND AVE and N WOLCOTT AV,41.9487178,-87.6761809,google,41.9487178,-87.6761809,google,"c(-87.6761809, 41.9487178)",47,27,47027
32,Street Bump Outs Menu,ON W WEBSTER AVE FROM N DOMINICK ST (1533 W) TO N DOMINICK ST (1533 W),2012,43788,28199,W WEBSTER AVE and N DOMINICK ST,W WEBSTER AVE and N DOMINICK ST,41.92160055300008,-87.66649783999998,census,41.92160055300008,-87.66649783999998,census,"c(-87.66649784, 41.9216005530001)",32,37,32037
47,Alley Apron Menu,ON W WILSON AVE FROM 1616 W TO N ASHLAND AV (1600 W),2013,8647,40744,1616 W WILSON AVE,W WILSON AVE and N ASHLAND AV,NA,NA,census,41.9652248,-87.6694196,google,"c(-87.6694196, 41.9652248)",47,34,47034
47,Alley Apron Menu,ON W WILSON AVE FROM 1729 W TO N PAULINA ST (1700 W),2015,8354,40876,1729 W WILSON AVE,W WILSON AVE and N PAULINA ST,NA,NA,census,41.965207,-87.6709217,google,"c(-87.6709217, 41.965207)",47,34,47034
