"ward","type","location","year","est_cost","id","start_address","end_address"
1,"Curb/Gutter Menu - Change Order","1420-8 N. Bell",2010,5967,352,"1420 N. Bell","1428 N. Bell"
1,"Sidewalk Menu","2357-2361 N MILWAUKEE AVE",2016,11434.57,684,"2357 N MILWAUKEE AVE","2361 N MILWAUKEE AVE"
1,"Sidewalk Menu","1757-1759 N TALMAN AVE",2016,6518.98,685,"1757 N TALMAN AVE","1759 N TALMAN AVE"
1,"Sidewalk Menu","1455-1459 N FAIRFIELD AVE",2016,5836.88,688,"1455 N FAIRFIELD AVE","1459 N FAIRFIELD AVE"
1,"Sidewalk Menu","1100-1171 N MARSHFIELD AVE",2018,1949.34,812,"1100 N MARSHFIELD AVE","1171 N MARSHFIELD AVE"
1,"Sidewalk Menu","1528-1531 N TALMAN AVE",2019,3817.67,884,"1528 N TALMAN AVE","1531 N TALMAN AVE"
1,"Sidewalk Menu","1539-1541 W WALTON ST",2019,3931.72,885,"1539 W WALTON ST","1541 W WALTON ST"
1,"Sidewalk Menu","1001-1027 N MARSHFIELD AVE",2022,36340.46,1006,"1001 N MARSHFIELD AVE","1027 N MARSHFIELD AVE"
1,"Sidewalk Menu","1500-1522 N MAPLEWOOD AVE",2022,19773.85,1008,"1500 N MAPLEWOOD AVE","1522 N MAPLEWOOD AVE"
1,"Sidewalk Menu","1501-1519 W FRY ST",2022,54549.4,1009,"1501 W FRY ST","1519 W FRY ST"
1,"Sidewalk Menu","1801-1811 N ALBANY AVE",2022,14637.07,1010,"1801 N ALBANY AVE","1811 N ALBANY AVE"
1,"Sidewalk Menu","1813-1817 W ELLEN ST",2022,9284.24,1011,"1813 W ELLEN ST","1817 W ELLEN ST"
1,"Sidewalk Menu","801-835 N HERMITAGE AVE",2022,32864.89,1015,"801 N HERMITAGE AVE","835 N HERMITAGE AVE"
2,"Miscellaneous-CDOT","1501-1600 W Adams ST",2008,1032,1334,"1501 W Adams ST","1600 W Adams ST"
2,"Miscellaneous-CDOT","2911-2913 W. Wilcox",2008,409,1336,"2911 W. Wilcox","2913 W. Wilcox"
2,"Miscellaneous-CDOT","2944-3000 S Michigan",2008,27500,1342,"2944 S Michigan","3000 S Michigan"
2,"Miscellaneous-CDOT","3033-39 W Walnut",2008,805,1344,"3033 W Walnut","3039 W Walnut"
2,"Curb & Gutter Menu","350-375 E SUPERIOR ST",2017,18420.11,2280,"350 E SUPERIOR ST","375 E SUPERIOR ST"
2,"Sidewalk Menu","23-29 W MAPLE ST",2018,13195.3,2337,"23 W MAPLE ST","29 W MAPLE ST"
2,"Sidewalk Menu","2125-2131 N LAKEWOOD AVE",2018,4608.07,2338,"2125 N LAKEWOOD AVE","2131 N LAKEWOOD AVE"
3,"Miscellaneous Other","4501-33 & 4524-50 S McDowell",2012,14166,2757,"4501 S McDowell","4533 S McDowell"
3,"Alley Resurfacing Menu (1-1)","3745-3751 S MICHIGAN AVE",2016,40221.08,2879,"3745 S MICHIGAN AVE","3751 S MICHIGAN AVE"
3,"Alley Resurfacing Menu","5001-5013 S DR MARTIN LUTHER KING JR DR",2016,31225.43,2881,"5001 S DR MARTIN LUTHER KING JR DR","5013 S DR MARTIN LUTHER KING JR DR"
3,"Alley Resurfacing Menu","5001-5013 S DR MARTIN LUTHER KING JR DR",2016,4828.92,2885,"5001 S DR MARTIN LUTHER KING JR DR","5013 S DR MARTIN LUTHER KING JR DR"
3,"Miscellaneous CDOT Projects","3900-3920 S FEDERAL ST",2016,470.48,2892,"3900 S FEDERAL ST","3920 S FEDERAL ST"
3,"Sidewalk Menu","4839-4841 S PRAIRIE AVE",2016,9832.82,2899,"4839 S PRAIRIE AVE","4841 S PRAIRIE AVE"
3,"Sidewalk Menu","4030-4036 S WABASH AVE",2016,15052.56,2901,"4030 S WABASH AVE","4036 S WABASH AVE"
3,"Sidewalk Menu","4500-4526 S PRAIRIE AVE",2017,15674.71,2948,"4500 S PRAIRIE AVE","4526 S PRAIRIE AVE"
3,"Alley Speed Hump Menu","1474-1532 S MICHIGAN AVE",2018,4200,2967,"1474 S MICHIGAN AVE","1532 S MICHIGAN AVE"
3,"Miscellaneous CDOT Projects","3729-3733 S GILES AVE",2018,300,2980,"3729 S GILES AVE","3733 S GILES AVE"
3,"Sidewalk Menu","145-153 W SWANN ST",2018,24726.84,2988,"145 W SWANN ST","153 W SWANN ST"
3,"Sidewalk Menu","3831-3847 S MICHIGAN AVE",2018,32506.48,2992,"3831 S MICHIGAN AVE","3847 S MICHIGAN AVE"
3,"Miscellaneous CDOT Projects","4215-4229 S STATE ST",2019,19841.84,3016,"4215 S STATE ST","4229 S STATE ST"
3,"Sidewalk Menu","5300-5330 S PRAIRIE AVE",2019,19126.34,3021,"5300 S PRAIRIE AVE","5330 S PRAIRIE AVE"
3,"Sidewalk Menu","1406-1444 S PRAIRIE AVE",2019,6835.92,3022,"1406 S PRAIRIE AVE","1444 S PRAIRIE AVE"
3,"Sidewalk Menu","1240-1330 S STATE ST",2019,33179.48,3027,"1240 S STATE ST","1330 S STATE ST"
3,"Sidewalk Menu","1240-1330 S STATE ST",2019,6300,3032,"1240 S STATE ST","1330 S STATE ST"
3,"Curb & Gutter Menu","3700-3714 S CALUMET AVE",2020,45000,3073,"3700 S CALUMET AVE","3714 S CALUMET AVE"
3,"Miscellaneous CDOT Projects","4600-4614 S VINCENNES AVE",2020,300,3078,"4600 S VINCENNES AVE","4614 S VINCENNES AVE"
3,"Miscellaneous CDOT Projects","4711-4755 S CALUMET AVE",2021,300,3111,"4711 S CALUMET AVE","4755 S CALUMET AVE"
3,"Miscellaneous CDOT Projects","4747-4759 S CALUMET AVE",2021,300,3113,"4747 S CALUMET AVE","4759 S CALUMET AVE"
3,"Miscellaneous CDOT Projects","600-608 E 47TH ST",2021,300,3120,"600 E 47TH ST","608 E 47TH ST"
3,"Sidewalk Menu","319-321 E 18TH ST",2021,3948.07,3122,"319 E 18TH ST","321 E 18TH ST"
3,"Miscellaneous CDOT Projects","221-231 E 43RD ST",2022,300,3180,"221 E 43RD ST","231 E 43RD ST"
4,"Miscellaneous CDOT Projects","4823-4833 S EVANS AVE",2016,414.54,3611,"4823 S EVANS AVE","4833 S EVANS AVE"
4,"Miscellaneous CDOT Projects","4238-4240 S LANGLEY AVE",2016,254.63,3612,"4238 S LANGLEY AVE","4240 S LANGLEY AVE"
4,"Sidewalk Menu","645-655 S CLARK ST",2016,16904.47,3615,"645 S CLARK ST","655 S CLARK ST"
4,"Street Resurfacing Menu","3941-4500 S DREXEL BLVD",2019,150000,3745,"3941 S DREXEL BLVD","4500 S DREXEL BLVD"
4,"Miscellaneous CDOT Projects","4736-4738 S INGLESIDE AVE",2021,150,3778,"4736 S INGLESIDE AVE","4738 S INGLESIDE AVE"
4,"Sidewalk Menu","662-700 E 46TH ST",2021,4986.8,3787,"662 E 46TH ST","700 E 46TH ST"
5,"Sidewalk Menu","6710-6722 S CONSTANCE AVE",2019,7178.76,4424,"6710 S CONSTANCE AVE","6722 S CONSTANCE AVE"
5,"Alley Apron Menu","5530-5532 S SHORE DR",2021,26407.52,4452,"5530 S SHORE DR","5532 S SHORE DR"
5,"Sidewalk Menu","6747-6759 S OGLESBY AVE",2021,30845.43,4458,"6747 S OGLESBY AVE","6759 S OGLESBY AVE"
6,"Sidewalk Menu","8009-8015 S WABASH AVE",2016,11435.21,4861,"8009 S WABASH AVE","8015 S WABASH AVE"
6,"Sidewalk Menu","6700-6712 S HALSTED ST",2017,23418.67,4891,"6700 S HALSTED ST","6712 S HALSTED ST"
6,"Alley Apron Menu","7446-7450 S PRAIRIE AVE",2018,20159.04,4909,"7446 S PRAIRIE AVE","7450 S PRAIRIE AVE"
6,"Sidewalk Menu","8621-8633 S PRAIRIE AVE",2021,31520.75,5008,"8621 S PRAIRIE AVE","8633 S PRAIRIE AVE"
6,"Curb & Gutter Menu","7911-7931 S LANGLEY AVE",2022,23080.56,5034,"7911 S LANGLEY AVE","7931 S LANGLEY AVE"
6,"Sidewalk Menu","631-635 E 88TH ST",2022,6662.63,5044,"631 E 88TH ST","635 E 88TH ST"
6,"Sidewalk Menu","7639-7643 S EBERHART AVE",2022,8244.19,5049,"7639 S EBERHART AVE","7643 S EBERHART AVE"
7,"Miscellaneous CDOT Projects","1701-1715 E 71ST ST",2021,26945.88,5717,"1701 E 71ST ST","1715 E 71ST ST"
7,"Sidewalk Menu","2402-2410 E 77TH ST",2021,22966.56,5727,"2402 E 77TH ST","2410 E 77TH ST"
7,"Sidewalk Menu","7644-7646 S CRANDON AVE",2021,5219.28,5730,"7644 S CRANDON AVE","7646 S CRANDON AVE"
8,"Sidewalk Menu","1738-1740 E 91ST PL",2016,12932.81,6363,"1738 E 91ST PL","1740 E 91ST PL"
8,"Sidewalk Menu","8315-8317 S OGLESBY AVE",2017,3299.45,6396,"8315 S OGLESBY AVE","8317 S OGLESBY AVE"
8,"Miscellaneous CDOT Projects","8142-8146 S DOBSON AVE",2021,450,6528,"8142 S DOBSON AVE","8146 S DOBSON AVE"
8,"Sidewalk Menu","2236-2238 E 82ND ST",2021,32539.38,6531,"2236 E 82ND ST","2238 E 82ND ST"
8,"Sidewalk Menu","8356-8358 S DANTE AVE",2021,28050.13,6533,"8356 S DANTE AVE","8358 S DANTE AVE"
8,"Street Light Pole Painting Menu","1738-1810 E 73RD ST",2021,1000,6536,"1738 E 73RD ST","1810 E 73RD ST"
9,"Sidewalk Menu","125-129 E 87TH ST",2020,20248.5,7254,"125 E 87TH ST","129 E 87TH ST"
10,"Miscellaneous-CDOT","10601-10643 Ewing",2006,16339,7637,"10601 Ewing","10643 Ewing"
10,"Sidewalk Menu","10632-10636 S MACKINAW AVE",2016,8794.43,8188,"10632 S MACKINAW AVE","10636 S MACKINAW AVE"
10,"Sidewalk Menu","13425-13433 S HOUSTON AVE",2016,11304.75,8194,"13425 S HOUSTON AVE","13433 S HOUSTON AVE"
10,"Sidewalk Menu","9839-9859 S OGLESBY AVE",2016,7314.27,8196,"9839 S OGLESBY AVE","9859 S OGLESBY AVE"
10,"Sidewalk Menu","10307-10309 S EWING AVE",2016,8816.2,8197,"10307 S EWING AVE","10309 S EWING AVE"
10,"Sidewalk Menu","10214-10216 S EWING AVE",2016,9654.45,8198,"10214 S EWING AVE","10216 S EWING AVE"
10,"Sidewalk Menu","10654-10656 S MACKINAW AVE",2016,5217.1,8204,"10654 S MACKINAW AVE","10656 S MACKINAW AVE"
10,"Sidewalk Menu","3551-3601 E 113TH ST",2017,10148.06,8228,"3551 E 113TH ST","3601 E 113TH ST"
10,"Sidewalk Menu","2800-2806 E 87TH ST",2017,30076.3,8235,"2800 E 87TH ST","2806 E 87TH ST"
10,"Sidewalk Menu","8553-8557 S EXCHANGE AVE",2017,44684.07,8241,"8553 S EXCHANGE AVE","8557 S EXCHANGE AVE"
10,"Sidewalk Menu","8553-8557 S EXCHANGE AVE",2017,3256.39,8246,"8553 S EXCHANGE AVE","8557 S EXCHANGE AVE"
10,"Sidewalk Menu","3515-3525 E 105TH ST",2018,11278,8271,"3515 E 105TH ST","3525 E 105TH ST"
10,"Sidewalk Menu","3603-3609 E 108TH ST",2018,12002,8272,"3603 E 108TH ST","3609 E 108TH ST"
10,"Sidewalk Menu","2925-2927 E 91ST ST",2018,39651,8277,"2925 E 91ST ST","2927 E 91ST ST"
10,"Sidewalk Menu","12944-12954 S MUSKEGON AVE",2018,18568,8279,"12944 S MUSKEGON AVE","12954 S MUSKEGON AVE"
10,"Sidewalk Menu","3702-3710 E 105TH ST",2018,16484,8283,"3702 E 105TH ST","3710 E 105TH ST"
10,"Sidewalk Menu","10954-10958 S AVENUE B",2018,20077,8284,"10954 S AVENUE B","10958 S AVENUE B"
10,"Sidewalk Menu","10517-10527 S BENSLEY AVE",2018,19102,8285,"10517 S BENSLEY AVE","10527 S BENSLEY AVE"
10,"Sidewalk Menu","3550-3558 E 97TH ST",2018,8889,8286,"3550 E 97TH ST","3558 E 97TH ST"
10,"Sidewalk Menu","2842-2850 E 90TH ST",2018,30427,8292,"2842 E 90TH ST","2850 E 90TH ST"
10,"Street Resurfacing Menu","9739-9745 S AVENUE N",2018,9074,8305,"9739 S AVENUE N","9745 S AVENUE N"
10,"Sidewalk Menu","2850-2862 E 94TH ST",2019,23787,8320,"2850 E 94TH ST","2862 E 94TH ST"
10,"Sidewalk Menu","2838-2840 E 94TH ST",2019,21374,8323,"2838 E 94TH ST","2840 E 94TH ST"
10,"Sidewalk Menu","2838-2840 E 94TH ST",2019,4066,8338,"2838 E 94TH ST","2840 E 94TH ST"
10,"Sidewalk Menu","13229-13249 S BRAINARD AVE",2019,26820,8343,"13229 S BRAINARD AVE","13249 S BRAINARD AVE"
10,"Sidewalk Menu","3013-3025 E 85TH ST",2021,16552.8,8435,"3013 E 85TH ST","3025 E 85TH ST"
10,"Sidewalk Menu","3548-3554 E 103RD ST",2021,1792.42,8438,"3548 E 103RD ST","3554 E 103RD ST"
10,"Street Resurfacing Menu","10940-10959 S AVENUE J",2021,16272.62,8452,"10940 S AVENUE J","10959 S AVENUE J"
10,"Sidewalk Menu","10357-10359 S AVENUE G",2022,13370.58,8494,"10357 S AVENUE G","10359 S AVENUE G"
10,"Sidewalk Menu","10642-10646 S AVENUE L",2022,16390.2,8498,"10642 S AVENUE L","10646 S AVENUE L"
10,"Sidewalk Menu","10647-10651 S AVENUE F",2022,5035.41,8499,"10647 S AVENUE F","10651 S AVENUE F"
10,"Sidewalk Menu","13501-13509 S BRANDON AVE",2022,44253.87,8507,"13501 S BRANDON AVE","13509 S BRANDON AVE"
10,"Sidewalk Menu","13532-13536 S MACKINAW AVE",2022,14191.03,8508,"13532 S MACKINAW AVE","13536 S MACKINAW AVE"
10,"Sidewalk Menu","9850-9852 S AVENUE H",2022,9646.5,8510,"9850 S AVENUE H","9852 S AVENUE H"
11,"Curb & Gutter Menu","2822-2828 S THROOP ST",2015,247,8952,"2822 S THROOP ST","2828 S THROOP ST"
11,"Curb & Gutter Menu","2822-2828 S THROOP ST",2016,7656.03,9031,"2822 S THROOP ST","2828 S THROOP ST"
11,"Sidewalk Menu","3826-3830 S NORMAL AVE",2017,5006.8,9082,"3826 S NORMAL AVE","3830 S NORMAL AVE"
11,"Sidewalk Menu","3531-3631 S NORMAL AVE",2017,51984.77,9084,"3531 S NORMAL AVE","3631 S NORMAL AVE"
11,"Curb & Gutter Menu","2714-2717 S BONFIELD ST",2020,62811.98,9229,"2714 S BONFIELD ST","2717 S BONFIELD ST"
11,"Curb & Gutter Menu","3543-3549 S EMERALD AVE",2020,20490.62,9233,"3543 S EMERALD AVE","3549 S EMERALD AVE"
11,"Sidewalk Menu","3143-3145 S EMERALD AVE",2020,1474.59,9244,"3143 S EMERALD AVE","3145 S EMERALD AVE"
11,"Street Resurfacing Menu","2959-2965 S THROOP ST",2020,118915.35,9249,"2959 S THROOP ST","2965 S THROOP ST"
11,"Curb & Gutter Menu","4405-4415 S EMERALD AVE",2021,27553.77,9270,"4405 S EMERALD AVE","4415 S EMERALD AVE"
11,"Sidewalk Menu","3036-3038 S BROAD ST",2022,4871.34,9348,"3036 S BROAD ST","3038 S BROAD ST"
11,"Sidewalk Menu","3136-3138 S NORMAL AVE",2022,11365.88,9350,"3136 S NORMAL AVE","3138 S NORMAL AVE"
12,"Miscellaneous-CDOT","4646-4658 S Talman",2010,3766,9703,"4646 S Talman","4658 S Talman"
12,"Sidewalk Menu","3121-3123 W 40TH PL",2016,5757.82,9974,"3121 W 40TH PL","3123 W 40TH PL"
12,"Sidewalk Menu","3444-3452 S WOOD ST",2016,8566.42,9977,"3444 S WOOD ST","3452 S WOOD ST"
12,"Sidewalk Menu","3536-3540 S HAMILTON AVE",2017,22778.37,10019,"3536 S HAMILTON AVE","3540 S HAMILTON AVE"
12,"Sidewalk Menu","3652-3654 S MARSHFIELD AVE",2017,7250.52,10024,"3652 S MARSHFIELD AVE","3654 S MARSHFIELD AVE"
12,"Sidewalk Menu","3336-3348 W 37TH PL",2018,5841.5,10104,"3336 W 37TH PL","3348 W 37TH PL"
12,"Sidewalk Menu","3833-3835 S WOLCOTT AVE",2018,7878.55,10108,"3833 S WOLCOTT AVE","3835 S WOLCOTT AVE"
12,"Sidewalk Menu","3405-3409 S ASHLAND AVE",2018,9965.88,10113,"3405 S ASHLAND AVE","3409 S ASHLAND AVE"
12,"Sidewalk Menu","3701-3709 S HERMITAGE AVE",2018,11048.02,10120,"3701 S HERMITAGE AVE","3709 S HERMITAGE AVE"
12,"Sidewalk Menu","3608-3610 S ROCKWELL ST",2018,5814.33,10122,"3608 S ROCKWELL ST","3610 S ROCKWELL ST"
12,"Sidewalk Menu","3832-3834 S ARTESIAN AVE",2018,4589.06,10130,"3832 S ARTESIAN AVE","3834 S ARTESIAN AVE"
12,"Sidewalk Menu","3601-3603 S PAULINA ST",2019,21548.17,10184,"3601 S PAULINA ST","3603 S PAULINA ST"
12,"Sidewalk Menu","3612-3624 S LEAVITT ST",2019,13254.85,10206,"3612 S LEAVITT ST","3624 S LEAVITT ST"
12,"Sidewalk Menu","3620-3622 S PAULINA ST",2019,7156.98,10207,"3620 S PAULINA ST","3622 S PAULINA ST"
12,"Floodlight Menu","2613-2631 W 23RD PL",2021,2850,10291,"2613 W 23RD PL","2631 W 23RD PL"
12,"Sidewalk Menu","3326-3332 W PERSHING RD",2021,11416.74,10297,"3326 W PERSHING RD","3332 W PERSHING RD"
12,"Sidewalk Menu","3806-3810 S ALBANY AVE",2021,10489.96,10312,"3806 S ALBANY AVE","3810 S ALBANY AVE"
12,"Sidewalk Menu","2801-2825 W 31ST ST",2022,2309.61,10358,"2801 W 31ST ST","2825 W 31ST ST"
13,"Miscellaneous-CDOT","6115-6127 W. 63 rd St.",2007,33617,10535,"6115 W. 63 rd St.","6127 W. 63 rd St."
13,"Miscellaneous-CDOT","6400-6500 S. Kostner",2008,2200,10591,"6400 S. Kostner","6500 S. Kostner"
13,"Alley Apron Menu","5914-5915 S MERRIMAC AVE",2017,35359.2,11040,"5914 S MERRIMAC AVE","5915 S MERRIMAC AVE"
13,"Miscellaneous CDOT Projects","6218-6222 S NATOMA AVE",2017,10450.17,11059,"6218 S NATOMA AVE","6222 S NATOMA AVE"
13,"Miscellaneous CDOT Projects","5740-5744 S AUSTIN AVE",2017,6296.42,11060,"5740 S AUSTIN AVE","5744 S AUSTIN AVE"
13,"Concrete Alley Menu","6109-6115 S NEENAH AVE",2018,3827.98,11128,"6109 S NEENAH AVE","6115 S NEENAH AVE"
13,"Curb & Gutter Menu","5700-5704 S NATOMA AVE",2018,7606.71,11135,"5700 S NATOMA AVE","5704 S NATOMA AVE"
13,"Miscellaneous CDOT Projects","6463-6467 S LONG AVE",2018,7612.19,11143,"6463 S LONG AVE","6467 S LONG AVE"
13,"Concrete Alley Menu","3831-3839 W 67TH PL",2019,11335.43,11249,"3831 W 67TH PL","3839 W 67TH PL"
13,"Concrete Alley Menu","3610-3620 W 70TH PL",2019,28134.8,11255,"3610 W 70TH PL","3620 W 70TH PL"
13,"Concrete Alley Menu","6323-6325 S TRIPP AVE",2019,9516.15,11259,"6323 S TRIPP AVE","6325 S TRIPP AVE"
13,"Concrete Alley Menu","6225-6239 S RUTHERFORD AVE",2019,1698.7,11261,"6225 S RUTHERFORD AVE","6239 S RUTHERFORD AVE"
13,"Miscellaneous CDOT Projects","5858-5900 S NARRAGANSETT AVE",2019,15500,11275,"5858 S NARRAGANSETT AVE","5900 S NARRAGANSETT AVE"
13,"Sidewalk Menu","5554-5558 S NARRAGANSETT AVE",2019,5712.43,11305,"5554 S NARRAGANSETT AVE","5558 S NARRAGANSETT AVE"
13,"Sidewalk Menu","6334-6350 S KNOX AVE",2019,6065.01,11349,"6334 S KNOX AVE","6350 S KNOX AVE"
13,"Sidewalk Menu","6327-6331 S KEATING AVE",2019,7039.93,11351,"6327 S KEATING AVE","6331 S KEATING AVE"
13,"Sidewalk Menu","6220-6231 S KEATING AVE",2019,7878.88,11352,"6220 S KEATING AVE","6231 S KEATING AVE"
13,"Concrete Alley Menu","6124-6128 S NAGLE AVE",2021,12162.51,11399,"6124 S NAGLE AVE","6128 S NAGLE AVE"
13,"Curb & Gutter Menu","6208-6210 W 63RD PL",2021,3936.01,11407,"6208 W 63RD PL","6210 W 63RD PL"
13,"Sidewalk Menu","6619-6625 S KILBOURN AVE",2021,9777.48,11496,"6619 S KILBOURN AVE","6625 S KILBOURN AVE"
13,"Street Light Upgrade Menu","6455-6457 S PULASKI RD",2021,500,11522,"6455 S PULASKI RD","6457 S PULASKI RD"
13,"Bollard Menu","3944-3945 W 64TH PL",2022,2225.48,11549,"3944 W 64TH PL","3945 W 64TH PL"
13,"Concrete Alley Menu","6124-6128 S NAGLE AVE",2022,11444.57,11555,"6124 S NAGLE AVE","6128 S NAGLE AVE"
14,"Miscellaneous-CDOT","4504-14-28-32-34-38 S. Karlov",2005,14430,11645,"4504 S. Karlov","4514 S. Karlov"
14,"Miscellaneous-CDOT","4614-34 S. Kedvale",2005,2391,11648,"4614 S. Kedvale","4634 S. Kedvale"
14,"Miscellaneous-CDOT","4540-4546 S. Harding",2005,2459,11658,"4540 S. Harding","4546 S. Harding"
14,"Miscellaneous-CDOT","4910-12-16 S. Komensky",2005,3416,11667,"4910 S. Komensky","4912 S. Komensky"
14,"Miscellaneous-CDOT","4743-49 S. Kedvale",2005,2931,11669,"4743 S. Kedvale","4749 S. Kedvale"
14,"Miscellaneous-CDOT","4100-34 W. 47 th St.",2005,12030,11672,"4100 W. 47 th St.","4134 W. 47 th St."
14,"Miscellaneous-CDOT","4638-40 S. Komensky",2005,1537,11674,"4638 S. Komensky","4640 S. Komensky"
14,"Miscellaneous-CDOT","5813-49-57 S. Albany",2007,30675,11836,"5813 S. Albany","5849 S. Albany"
14,"Miscellaneous-CDOT","5836-40-42 S. Albany",2007,4100,11837,"5836 S. Albany","5840 S. Albany"
14,"Miscellaneous-CDOT","5801-05-11 S. Whipple",2007,7220,11841,"5801 S. Whipple","5805 S. Whipple"
14,"Miscellaneous-CDOT","4403-29-31-35-53 S. Albany",2007,5293,11843,"4403 S. Albany","4429 S. Albany"
14,"Miscellaneous-CDOT","2900-36 W. 45 th St.",2007,6055,11853,"2900 W. 45 th St.","2936 W. 45 th St."
14,"Miscellaneous-CDOT","2836-46 W. 45 th St.",2007,6195,11854,"2836 W. 45 th St.","2846 W. 45 th St."
14,"Miscellaneous-CDOT","2933-37-45 W. Pope John Paul II",2007,5266,11855,"2933 W. Pope John Paul II","2937 W. Pope John Paul II"
14,"Miscellaneous-CDOT","3048-56 W. Pope John Paul II",2007,649,11860,"3048 W. Pope John Paul II","3056 W. Pope John Paul II"
14,"Miscellaneous-CDOT","4432-36 S. Albany",2007,2920,11863,"4432 S. Albany","4436 S. Albany"
14,"Miscellaneous-CDOT","4532-36 S. Mozart",2007,2152,11867,"4532 S. Mozart","4536 S. Mozart"
14,"Miscellaneous-CDOT","5700-18-22 S. Richmond",2007,8652,11873,"5700 S. Richmond","5718 S. Richmond"
14,"Miscellaneous-CDOT","5610-12-16 S. Richmond",2007,2732,11874,"5610 S. Richmond","5612 S. Richmond"
14,"Miscellaneous-CDOT","4048-52 S. Sacramento",2007,15030,11884,"4048 S. Sacramento","4052 S. Sacramento"
14,"Miscellaneous-CDOT","3119-21-37 W. 41 st St.",2007,5209,11888,"3119 W. 41 st St.","3121 W. 41 st St."
14,"Alley Resurfacing Menu","4401-4459 S TROY ST",2017,33785.37,12678,"4401 S TROY ST","4459 S TROY ST"
14,"Alley Resurfacing Menu","5201-5259 S FRANCISCO AVE",2017,42991.75,12679,"5201 S FRANCISCO AVE","5259 S FRANCISCO AVE"
14,"Alley Resurfacing Menu","5201-5259 S ALBANY AVE",2017,41608.72,12680,"5201 S ALBANY AVE","5259 S ALBANY AVE"
14,"Sidewalk Menu","4638-4650 W 51ST ST",2019,11441.28,12807,"4638 W 51ST ST","4650 W 51ST ST"
14,"Sidewalk Menu","4406-4432 S CHRISTIANA AVE",2019,28352.67,12808,"4406 S CHRISTIANA AVE","4432 S CHRISTIANA AVE"
14,"Sidewalk Menu","4918-4930 S KNOX AVE",2019,15808.4,12809,"4918 S KNOX AVE","4930 S KNOX AVE"
14,"Sidewalk Menu","5112-5158 S NARRAGANSETT AVE",2019,32592.07,12810,"5112 S NARRAGANSETT AVE","5158 S NARRAGANSETT AVE"
14,"Sidewalk Menu","5108-5124 S NATCHEZ AVE",2019,23774.11,12811,"5108 S NATCHEZ AVE","5124 S NATCHEZ AVE"
14,"Sidewalk Menu","5140-5150 S MEADE AVE",2019,11270.01,12812,"5140 S MEADE AVE","5150 S MEADE AVE"
14,"Sidewalk Menu","5244-5258 S MEADE AVE",2019,24760.36,12813,"5244 S MEADE AVE","5258 S MEADE AVE"
14,"Sidewalk Menu","5100-5150 S AUSTIN AVE",2019,29130.32,12814,"5100 S AUSTIN AVE","5150 S AUSTIN AVE"
14,"Sidewalk Menu","5101-5127 S MAYFIELD AVE",2019,32635.54,12815,"5101 S MAYFIELD AVE","5127 S MAYFIELD AVE"
14,"Sidewalk Menu","5100-5106 S MONITOR AVE",2019,8305.74,12816,"5100 S MONITOR AVE","5106 S MONITOR AVE"
14,"Sidewalk Menu","5141-5153 S MASSASOIT AVE",2019,18279.26,12817,"5141 S MASSASOIT AVE","5153 S MASSASOIT AVE"
14,"Sidewalk Menu","5146-5148 S MASSASOIT AVE",2019,2972.11,12818,"5146 S MASSASOIT AVE","5148 S MASSASOIT AVE"
14,"Sidewalk Menu","5103-5107 S LOREL AVE",2019,11249.49,12819,"5103 S LOREL AVE","5107 S LOREL AVE"
14,"Sidewalk Menu","5210-5226 S LONG AVE",2019,2018.79,12821,"5210 S LONG AVE","5226 S LONG AVE"
14,"Sidewalk Menu","5101-5129 S LONG AVE",2019,18323.97,12822,"5101 S LONG AVE","5129 S LONG AVE"
14,"Sidewalk Menu","5206-5212 S CALIFORNIA AVE",2019,12407.51,12823,"5206 S CALIFORNIA AVE","5212 S CALIFORNIA AVE"
14,"Sidewalk Menu","5346-5358 S WASHTENAW AVE",2019,8769.57,12830,"5346 S WASHTENAW AVE","5358 S WASHTENAW AVE"
14,"Sidewalk Menu","4618-4628 S SAWYER AVE",2019,18691.44,12831,"4618 S SAWYER AVE","4628 S SAWYER AVE"
14,"Sidewalk Menu","5120-5126 S MELVINA AVE",2019,4534.66,12836,"5120 S MELVINA AVE","5126 S MELVINA AVE"
14,"Sidewalk Menu","5207-5211 S MAJOR AVE",2019,10508.48,12837,"5207 S MAJOR AVE","5211 S MAJOR AVE"
14,"Sidewalk Menu","5234-5244 S MONITOR AVE",2019,14685.03,12839,"5234 S MONITOR AVE","5244 S MONITOR AVE"
14,"Sidewalk Menu","5142-5154 S MONITOR AVE",2019,11829.34,12840,"5142 S MONITOR AVE","5154 S MONITOR AVE"
14,"Sidewalk Menu","5101-5147 S MCVICKER AVE",2019,26085.85,12841,"5101 S MCVICKER AVE","5147 S MCVICKER AVE"
14,"Street Speed Hump Menu","5100-5200 S LAMON AVE",2019,4700,12860,"5100 S LAMON AVE","5200 S LAMON AVE"
14,"Sidewalk Menu","5222-5244 S MAJOR AVE",2020,31156.15,12868,"5222 S MAJOR AVE","5244 S MAJOR AVE"
14,"Sidewalk Menu","5201-5235 S LOREL AVE",2020,39511.06,12869,"5201 S LOREL AVE","5235 S LOREL AVE"
14,"Sidewalk Menu","5100-5122 S LINDER AVE",2020,27253.76,12870,"5100 S LINDER AVE","5122 S LINDER AVE"
14,"Sidewalk Menu","5201-5235 S LINDER AVE",2020,40194.18,12871,"5201 S LINDER AVE","5235 S LINDER AVE"
14,"Sidewalk Menu","5218-5254 S PARKSIDE AVE",2020,31950.79,12872,"5218 S PARKSIDE AVE","5254 S PARKSIDE AVE"
14,"Sidewalk Menu","5106-5150 S MOBILE AVE",2020,12451.54,12873,"5106 S MOBILE AVE","5150 S MOBILE AVE"
14,"Sidewalk Menu","5201-5255 S MONITOR AVE",2020,34284.2,12874,"5201 S MONITOR AVE","5255 S MONITOR AVE"
14,"Sidewalk Menu","5016-5024 S KENNETH AVE",2020,10952.89,12878,"5016 S KENNETH AVE","5024 S KENNETH AVE"
14,"Sidewalk Menu","5201-5217 S LARAMIE AVE",2020,24945.22,12881,"5201 S LARAMIE AVE","5217 S LARAMIE AVE"
14,"Sidewalk Menu","5201-5257 S PARKSIDE AVE",2020,22131.44,12883,"5201 S PARKSIDE AVE","5257 S PARKSIDE AVE"
14,"Sidewalk Menu","5204-5216 S MOODY AVE",2020,9262.56,12884,"5204 S MOODY AVE","5216 S MOODY AVE"
14,"Sidewalk Menu","5117-5145 S NATOMA AVE",2020,31208.49,12888,"5117 S NATOMA AVE","5145 S NATOMA AVE"
14,"Street Resurfacing Menu","5100-5259 S NATOMA AVE",2020,58449.16,12893,"5100 S NATOMA AVE","5259 S NATOMA AVE"
14,"Sidewalk Menu","4415-4423 S SAWYER AVE",2021,11059.02,12915,"4415 S SAWYER AVE","4423 S SAWYER AVE"
14,"Sidewalk Menu","4442-4453 S ST LOUIS AVE",2021,5728.9,12916,"4442 S ST LOUIS AVE","4453 S ST LOUIS AVE"
14,"Sidewalk Menu","4715-4717 S AVERS AVE",2021,5804.42,12921,"4715 S AVERS AVE","4717 S AVERS AVE"
14,"Sidewalk Menu","4715-4759 S KOLIN AVE",2021,16420.88,12922,"4715 S KOLIN AVE","4759 S KOLIN AVE"
14,"Sidewalk Menu","4718-4758 S KOLIN AVE",2021,4722.36,12923,"4718 S KOLIN AVE","4758 S KOLIN AVE"
14,"Sidewalk Menu","4734-4742 W 51ST ST",2021,6170.57,12924,"4734 W 51ST ST","4742 W 51ST ST"
14,"Sidewalk Menu","4751-4755 S HAMLIN AVE",2021,3271.43,12925,"4751 S HAMLIN AVE","4755 S HAMLIN AVE"
14,"Sidewalk Menu","4949-4955 S KILPATRICK AVE",2021,9612.28,12928,"4949 S KILPATRICK AVE","4955 S KILPATRICK AVE"
14,"Sidewalk Menu","5001-5007 S KILPATRICK AVE",2021,8663.56,12929,"5001 S KILPATRICK AVE","5007 S KILPATRICK AVE"
14,"Sidewalk Menu","5111-5143 S NAGLE AVE",2021,13411.88,12931,"5111 S NAGLE AVE","5143 S NAGLE AVE"
14,"Sidewalk Menu","5140-5150 S LOREL AVE",2021,12882.06,12932,"5140 S LOREL AVE","5150 S LOREL AVE"
14,"Sidewalk Menu","5200-5226 S MCVICKER AVE",2021,6638.68,12934,"5200 S MCVICKER AVE","5226 S MCVICKER AVE"
14,"Sidewalk Menu","5205-5213 S MULLIGAN AVE",2021,3968.34,12935,"5205 S MULLIGAN AVE","5213 S MULLIGAN AVE"
14,"Sidewalk Menu","5216-5248 S SPAULDING AVE",2021,8062.94,12936,"5216 S SPAULDING AVE","5248 S SPAULDING AVE"
14,"Sidewalk Menu","5224-5230 S MONITOR AVE",2021,7297.12,12937,"5224 S MONITOR AVE","5230 S MONITOR AVE"
14,"Sidewalk Menu","5337-5356 S SAWYER AVE",2021,5155.42,12938,"5337 S SAWYER AVE","5356 S SAWYER AVE"
14,"Sidewalk Menu","5411-5413 S RICHMOND ST",2021,21929.42,12939,"5411 S RICHMOND ST","5413 S RICHMOND ST"
14,"Curb & Gutter Menu","5241-5249 S CHRISTIANA AVE",2022,13331.11,12963,"5241 S CHRISTIANA AVE","5249 S CHRISTIANA AVE"
14,"Sidewalk Menu","3421-3423 W 54TH PL",2022,9300.52,12968,"3421 W 54TH PL","3423 W 54TH PL"
14,"Sidewalk Menu","4151-4153 W 47TH ST",2022,12713.08,12970,"4151 W 47TH ST","4153 W 47TH ST"
14,"Sidewalk Menu","4313-4325 S KEELER AVE",2022,9299.58,12971,"4313 S KEELER AVE","4325 S KEELER AVE"
14,"Sidewalk Menu","4752-4754 S KEELER AVE",2022,4820.18,12973,"4752 S KEELER AVE","4754 S KEELER AVE"
14,"Sidewalk Menu","4828-4842 S KOLIN AVE",2022,16840.96,12975,"4828 S KOLIN AVE","4842 S KOLIN AVE"
14,"Sidewalk Menu","4947-4955 S KARLOV AVE",2022,8963.28,12978,"4947 S KARLOV AVE","4955 S KARLOV AVE"
14,"Sidewalk Menu","5114-5122 S CHRISTIANA AVE",2022,8209.32,12980,"5114 S CHRISTIANA AVE","5122 S CHRISTIANA AVE"
14,"Sidewalk Menu","5138-5158 S NASHVILLE AVE",2022,8251.74,12981,"5138 S NASHVILLE AVE","5158 S NASHVILLE AVE"
14,"Sidewalk Menu","5151-5159 S LOREL AVE",2022,21256.4,12982,"5151 S LOREL AVE","5159 S LOREL AVE"
14,"Sidewalk Menu","5153-5157 S LATROBE AVE",2022,21975.85,12983,"5153 S LATROBE AVE","5157 S LATROBE AVE"
14,"Sidewalk Menu","5204-5220 S MASON AVE",2022,12824.71,12988,"5204 S MASON AVE","5220 S MASON AVE"
14,"Sidewalk Menu","5228-5234 S MERRIMAC AVE",2022,4747.14,12990,"5228 S MERRIMAC AVE","5234 S MERRIMAC AVE"
14,"Sidewalk Menu","5233-5241 S MERRIMAC AVE",2022,5533.02,12992,"5233 S MERRIMAC AVE","5241 S MERRIMAC AVE"
14,"Street Light Upgrade Menu","3910-3914 W 47TH ST",2022,194.3,13001,"3910 W 47TH ST","3914 W 47TH ST"
15,"Alley Resurfacing Menu","1900-1928 W 59TH ST",2018,31055.35,13628,"1900 W 59TH ST","1928 W 59TH ST"
15,"Street Resurfacing Menu","5600-5604 S FAIRFIELD AVE",2018,6940.84,13650,"5600 S FAIRFIELD AVE","5604 S FAIRFIELD AVE"
16,"Sidewalk Menu","6353-6357 S MARSHFIELD AVE",2017,29366.3,14514,"6353 S MARSHFIELD AVE","6357 S MARSHFIELD AVE"
16,"Sidewalk Menu","1300-1302 W 64TH ST",2017,1468.75,14528,"1300 W 64TH ST","1302 W 64TH ST"
16,"Street Resurfacing Menu","6600-6610 S LAFLIN ST",2017,7452.17,14536,"6600 S LAFLIN ST","6610 S LAFLIN ST"
16,"Sidewalk Menu","6000-6020 S LAFLIN ST",2018,28607.28,14549,"6000 S LAFLIN ST","6020 S LAFLIN ST"
16,"Street Resurfacing Menu","6600-6610 S LAFLIN ST",2018,3146.55,14570,"6600 S LAFLIN ST","6610 S LAFLIN ST"
16,"Sidewalk Menu","2115-2143 W 53RD PL",2019,35232.01,14575,"2115 W 53RD PL","2143 W 53RD PL"
16,"Miscellaneous CDOT Projects","718-722 W 60TH PL",2021,300,14625,"718 W 60TH PL","722 W 60TH PL"
17,"Curb & Gutter Menu","8128-8130 S WINCHESTER AVE",2015,8233,15123,"8128 S WINCHESTER AVE","8130 S WINCHESTER AVE"
17,"Sidewalk Menu","3501-3507 W 72ND ST",2017,8455.87,15187,"3501 W 72ND ST","3507 W 72ND ST"
17,"Sidewalk Menu","3518-3520 W 74TH ST",2017,3969.37,15189,"3518 W 74TH ST","3520 W 74TH ST"
17,"Sidewalk Menu","3455-3459 W 73RD ST",2017,4071.39,15190,"3455 W 73RD ST","3459 W 73RD ST"
17,"Sidewalk Menu","7424-7426 S PEORIA ST",2017,819.22,15191,"7424 S PEORIA ST","7426 S PEORIA ST"
17,"Sidewalk Menu","6634-6636 S ALBANY AVE",2017,5947.54,15197,"6634 S ALBANY AVE","6636 S ALBANY AVE"
17,"Street Resurfacing Menu (1-5)","7600-7900 S WOOD ST",2017,134818.4,15200,"7600 S WOOD ST","7900 S WOOD ST"
17,"Alley Apron Menu","2901-2909 W 65TH ST",2018,30014.17,15228,"2901 W 65TH ST","2909 W 65TH ST"
17,"Sidewalk Menu","7436-7438 S PEORIA ST",2018,7457.73,15244,"7436 S PEORIA ST","7438 S PEORIA ST"
17,"Sidewalk Menu","7844-7848 S STEWART AVE",2018,9426.48,15247,"7844 S STEWART AVE","7848 S STEWART AVE"
17,"Sidewalk Menu","7521-7523 S WOLCOTT AVE",2018,10900.05,15250,"7521 S WOLCOTT AVE","7523 S WOLCOTT AVE"
17,"Sidewalk Menu","8210-8212 S HERMITAGE AVE",2018,16232.28,15251,"8210 S HERMITAGE AVE","8212 S HERMITAGE AVE"
17,"Sidewalk Menu","7936-7938 S WOOD ST",2018,16105.19,15253,"7936 S WOOD ST","7938 S WOOD ST"
17,"Miscellaneous CDOT Projects","1625-1703 W 74TH ST",2019,600,15280,"1625 W 74TH ST","1703 W 74TH ST"
17,"Sidewalk Menu","8217-8219 S WOLCOTT AVE",2022,9782.08,15378,"8217 S WOLCOTT AVE","8219 S WOLCOTT AVE"
18,"Sidewalk Menu","7231-7233 S WESTERN AVE",2016,14118.51,15968,"7231 S WESTERN AVE","7233 S WESTERN AVE"
18,"Miscellaneous CDOT Projects","7231-7233 S WESTERN AVE",2017,8126.85,15994,"7231 S WESTERN AVE","7233 S WESTERN AVE"
18,"Sidewalk Menu","2800-2810 W 81ST ST",2017,8485.18,15997,"2800 W 81ST ST","2810 W 81ST ST"
18,"Sidewalk Menu","3231-3258 W 82ND ST",2017,52210.05,15999,"3231 W 82ND ST","3258 W 82ND ST"
18,"Sidewalk Menu","7900-7959 S FAIRFIELD AVE",2017,73409.89,16001,"7900 S FAIRFIELD AVE","7959 S FAIRFIELD AVE"
18,"Sidewalk Menu","8234-8236 S TALMAN AVE",2017,7466.49,16004,"8234 S TALMAN AVE","8236 S TALMAN AVE"
18,"Sidewalk Menu","7231-7233 S WESTERN AVE",2017,23652.55,16005,"7231 S WESTERN AVE","7233 S WESTERN AVE"
18,"Sidewalk Menu","7518-7530 S HAMILTON AVE",2020,12519.35,16109,"7518 S HAMILTON AVE","7530 S HAMILTON AVE"
18,"Sidewalk Menu","8015-8017 S ST LOUIS AVE",2021,5335.2,16152,"8015 S ST LOUIS AVE","8017 S ST LOUIS AVE"
18,"Sidewalk Menu","8203-8213 S SPAULDING AVE",2021,10647.86,16157,"8203 S SPAULDING AVE","8213 S SPAULDING AVE"
19,"Street Light Pole for High Definition Camera Menu","1404-1421 W 103RD ST",2022,3000,16850,"1404 W 103RD ST","1421 W 103RD ST"
20,"Pedestrian Countdown","1600-1612 W 48TH ST",2015,13532,17344,"1600 W 48TH ST","1612 W 48TH ST"
20,"Traffic Signal- Two Way Conversion","1600-1612 W 48TH ST",2016,50544.59,17350,"1600 W 48TH ST","1612 W 48TH ST"
20,"Curb & Gutter Menu","6152-6158 S EBERHART AVE",2017,8910.66,17376,"6152 S EBERHART AVE","6158 S EBERHART AVE"
20,"Sidewalk Menu","5500-5510 S LOWE AVE",2017,16519.7,17387,"5500 S LOWE AVE","5510 S LOWE AVE"
20,"Traffic Signal- Two Way Conversion","1600-1612 W 48TH ST",2017,5377.92,17412,"1600 W 48TH ST","1612 W 48TH ST"
20,"Sidewalk Menu","5516-5590 S GREEN ST",2018,14498.05,17429,"5516 S GREEN ST","5590 S GREEN ST"
20,"Sidewalk Menu","5117-5127 S RACINE AVE",2019,34410.14,17443,"5117 S RACINE AVE","5127 S RACINE AVE"
20,"Miscellaneous CDOT Projects","1340-1342 W 50TH ST",2021,150,17492,"1340 W 50TH ST","1342 W 50TH ST"
20,"Miscellaneous CDOT Projects","1506-1522 W 51ST ST",2021,600,17493,"1506 W 51ST ST","1522 W 51ST ST"
20,"Miscellaneous CDOT Projects","1340-1342 W 50TH ST",2022,150,17520,"1340 W 50TH ST","1342 W 50TH ST"
21,"Curb & Gutter Menu","8928-8932 S MARSHFIELD AVE",2018,9882.66,18192,"8928 S MARSHFIELD AVE","8932 S MARSHFIELD AVE"
21,"Sidewalk Menu","9106-9110 S LAFLIN ST",2019,27722.71,18278,"9106 S LAFLIN ST","9110 S LAFLIN ST"
21,"Sidewalk Menu","8334-8336 S MARSHFIELD AVE",2022,8001.17,18477,"8334 S MARSHFIELD AVE","8336 S MARSHFIELD AVE"
21,"Sidewalk Menu","8441-8447 S GILBERT CT",2022,3300.81,18479,"8441 S GILBERT CT","8447 S GILBERT CT"
21,"Sidewalk Menu","8727-8729 S LAFLIN ST",2022,6815.98,18484,"8727 S LAFLIN ST","8729 S LAFLIN ST"
21,"Sidewalk Menu","9111-9115 S ABERDEEN ST",2022,8489.39,18490,"9111 S ABERDEEN ST","9115 S ABERDEEN ST"
21,"Sidewalk Menu","9300-9304 S ASHLAND AVE",2022,31974.52,18492,"9300 S ASHLAND AVE","9304 S ASHLAND AVE"
21,"Sidewalk Menu","9412-9414 S VINCENNES AVE",2022,43541.76,18493,"9412 S VINCENNES AVE","9414 S VINCENNES AVE"
22,"Sidewalk Menu","4931-4941 S LARAMIE AVE",2018,9063.97,18985,"4931 S LARAMIE AVE","4941 S LARAMIE AVE"
22,"Curb & Gutter Menu","3007-3015 S KARLOV AVE",2020,32400.26,19072,"3007 S KARLOV AVE","3015 S KARLOV AVE"
22,"Sidewalk Menu","3448-3458 W 30TH ST",2020,15068.3,19077,"3448 W 30TH ST","3458 W 30TH ST"
22,"Sidewalk Menu","3238-3239 S KOMENSKY AVE",2020,2838.02,19081,"3238 S KOMENSKY AVE","3239 S KOMENSKY AVE"
22,"Sidewalk Menu","4034-4044 W 27TH ST",2020,10918.65,19083,"4034 W 27TH ST","4044 W 27TH ST"
22,"Sidewalk Menu","4217-4223 W 25TH ST",2020,8912.3,19085,"4217 W 25TH ST","4223 W 25TH ST"
22,"Sidewalk Menu","3053-3059 S AVERS AVE",2020,7800.41,19086,"3053 S AVERS AVE","3059 S AVERS AVE"
22,"Curb & Gutter Menu","4600-4658 S LAMON AVE",2021,83792.04,19140,"4600 S LAMON AVE","4658 S LAMON AVE"
22,"Sidewalk Menu","3100-3108 S KOMENSKY AVE",2021,38593.79,19144,"3100 S KOMENSKY AVE","3108 S KOMENSKY AVE"
22,"Sidewalk Menu","3714-3724 W 25TH ST",2021,16477.99,19145,"3714 W 25TH ST","3724 W 25TH ST"
22,"Sidewalk Menu","4000-4012 W 28TH ST",2021,10409.96,19146,"4000 W 28TH ST","4012 W 28TH ST"
22,"Sidewalk Menu","4431-4439 S KEATING AVE",2021,6853.44,19147,"4431 S KEATING AVE","4439 S KEATING AVE"
22,"Sidewalk Menu","5001-5013 W 44TH ST",2021,71000,19149,"5001 W 44TH ST","5013 W 44TH ST"
22,"Sidewalk Menu","3714-3724 W 25TH ST",2022,21100.26,19212,"3714 W 25TH ST","3724 W 25TH ST"
22,"Sidewalk Menu","4001-4011 W 25TH ST",2022,26181.6,19213,"4001 W 25TH ST","4011 W 25TH ST"
22,"Sidewalk Menu","4810-4812 S LECLAIRE AVE",2022,961.7,19217,"4810 S LECLAIRE AVE","4812 S LECLAIRE AVE"
22,"Sidewalk Menu","4818-4824 S LEAMINGTON AVE",2022,3811.05,19218,"4818 S LEAMINGTON AVE","4824 S LEAMINGTON AVE"
22,"Street Resurfacing Menu","4441-4443 S LEAMINGTON AVE",2022,8333.45,19226,"4441 S LEAMINGTON AVE","4443 S LEAMINGTON AVE"
23,"Miscellaneous-CDOT","5458-5446 S. Nottingham Ave.",2007,5538,19338,"5458 S. Nottingham Ave.","5446 S. Nottingham Ave."
23,"Miscellaneous-CDOT","5343-5347 S. Natchez",2007,626,19344,"5343 S. Natchez","5347 S. Natchez"
23,"Alley Apron Menu","3700-3718 W 55TH PL",2016,9658.83,20039,"3700 W 55TH PL","3718 W 55TH PL"
23,"Curb & Gutter Menu","5342-5344 S NEWLAND AVE",2017,4442.55,20194,"5342 S NEWLAND AVE","5344 S NEWLAND AVE"
23,"Curb & Gutter Menu","5739-5743 S MENARD AVE",2019,5743.65,20352,"5739 S MENARD AVE","5743 S MENARD AVE"
24,"Street Speed Hump Menu","3819-3861 W ARTHINGTON ST",2018,3700,21152,"3819 W ARTHINGTON ST","3861 W ARTHINGTON ST"
24,"Floodlight Menu","1701-1759 S KOSTNER AVE",2021,1900,21240,"1701 S KOSTNER AVE","1759 S KOSTNER AVE"
24,"Sidewalk Menu","1217-1237 S HOMAN AVE",2021,35807.1,21249,"1217 S HOMAN AVE","1237 S HOMAN AVE"
24,"Curb & Gutter Menu","1538-1554 S TRUMBULL AVE",2022,18846.67,21290,"1538 S TRUMBULL AVE","1554 S TRUMBULL AVE"
24,"Miscellaneous CDOT Projects","1301-1331 S KEDVALE AVE",2022,450,21292,"1301 S KEDVALE AVE","1331 S KEDVALE AVE"
24,"Miscellaneous CDOT Projects","1557-1559 S CHRISTIANA AVE",2022,300,21294,"1557 S CHRISTIANA AVE","1559 S CHRISTIANA AVE"
24,"Sidewalk Menu","1113-1123 S ST LOUIS AVE",2022,16357.81,21301,"1113 S ST LOUIS AVE","1123 S ST LOUIS AVE"
24,"Sidewalk Menu","1326-1336 S KOSTNER AVE",2022,31038.72,21302,"1326 S KOSTNER AVE","1336 S KOSTNER AVE"
24,"Sidewalk Menu","1344-1360 S KOMENSKY AVE",2022,12328.47,21303,"1344 S KOMENSKY AVE","1360 S KOMENSKY AVE"
24,"Sidewalk Menu","1607-1609 S WASHTENAW AVE",2022,17259.98,21304,"1607 S WASHTENAW AVE","1609 S WASHTENAW AVE"
24,"Sidewalk Menu","2618-2620 W 22ND PL",2022,11730.97,21306,"2618 W 22ND PL","2620 W 22ND PL"
24,"Sidewalk Menu","3940-3950 W ROOSEVELT RD",2022,21863.63,21308,"3940 W ROOSEVELT RD","3950 W ROOSEVELT RD"
24,"Street Speed Hump Menu","4603-4635 W GLADYS AVE",2022,4700,21317,"4603 W GLADYS AVE","4635 W GLADYS AVE"
25,"Miscellaneous-CDOT","1200-1234 W 18 th St - Racine to Allport on North side",2008,15004,21527,"1200 W 18 th St - Racine to Allport on North side","1234 W 18 th St - Racine to Allport on North side"
25,"Curb & Gutter Menu","2205-2211 W 21ST PL",2017,16775.75,22072,"2205 W 21ST PL","2211 W 21ST PL"
25,"Curb & Gutter Menu","1800-1810 W 22ND PL",2018,10504.96,22111,"1800 W 22ND PL","1810 W 22ND PL"
25,"Sidewalk Menu","3233-3241 S CLAREMONT AVE",2018,5435.38,22117,"3233 S CLAREMONT AVE","3241 S CLAREMONT AVE"
25,"Sidewalk Menu","2235-2239 S WOOD ST",2018,24572.73,22118,"2235 S WOOD ST","2239 S WOOD ST"
25,"Alley Speed Hump Menu","2423-2425 S WENTWORTH AVE",2019,700,22138,"2423 S WENTWORTH AVE","2425 S WENTWORTH AVE"
25,"Sidewalk Menu","2008-2010 W 19TH ST",2019,12259.11,22141,"2008 W 19TH ST","2010 W 19TH ST"
25,"Sidewalk Menu","1141-1151 W WASHINGTON BLVD",2021,12379.97,22228,"1141 W WASHINGTON BLVD","1151 W WASHINGTON BLVD"
25,"Sidewalk Menu","16-26 N MAY ST",2021,12856.1,22231,"16 N MAY ST","26 N MAY ST"
25,"Sidewalk Menu","1837-1839 S LAFLIN ST",2022,20515.6,22292,"1837 S LAFLIN ST","1839 S LAFLIN ST"
25,"Sidewalk Menu","2335-2337 W 24TH PL",2022,13798.92,22302,"2335 W 24TH PL","2337 W 24TH PL"
25,"Sidewalk Menu","2401-2447 W 24TH ST",2022,34232.86,22306,"2401 W 24TH ST","2447 W 24TH ST"
26,"Curb & Gutter Menu","3525-3538 W PIERCE AVE",2016,16989.19,22808,"3525 W PIERCE AVE","3538 W PIERCE AVE"
26,"Sidewalk Menu","1645-1647 N KILDARE AVE",2016,3957.2,22822,"1645 N KILDARE AVE","1647 N KILDARE AVE"
26,"Sidewalk Menu","1400-1402 N AVERS AVE",2016,9231.82,22823,"1400 N AVERS AVE","1402 N AVERS AVE"
26,"Sidewalk Menu","1719-1721 N KEELER AVE",2016,2152.61,22826,"1719 N KEELER AVE","1721 N KEELER AVE"
26,"Alley Resurfacing Menu","3640-3658 W WABANSIA AVE",2017,11462.63,22859,"3640 W WABANSIA AVE","3658 W WABANSIA AVE"
26,"Curb & Gutter Menu","1015-1021 N CAMPBELL AVE",2017,9931.4,22866,"1015 N CAMPBELL AVE","1021 N CAMPBELL AVE"
26,"Curb & Gutter Menu","2201-2219 W GRAND AVE",2017,20768.8,22867,"2201 W GRAND AVE","2219 W GRAND AVE"
26,"Sidewalk Menu","2734-2744 W LE MOYNE ST",2017,18674.97,22874,"2734 W LE MOYNE ST","2744 W LE MOYNE ST"
26,"Sidewalk Menu","2700-2712 W LE MOYNE ST",2017,8872.24,22877,"2700 W LE MOYNE ST","2712 W LE MOYNE ST"
26,"Sidewalk Menu","1719-1721 N KEELER AVE",2017,333.17,22878,"1719 N KEELER AVE","1721 N KEELER AVE"
26,"Sidewalk Menu","3131-3159 W WALTON ST",2017,29767.51,22880,"3131 W WALTON ST","3159 W WALTON ST"
26,"Sidewalk Menu","1322-1330 N AVERS AVE",2017,14865.52,22883,"1322 N AVERS AVE","1330 N AVERS AVE"
26,"Curb & Gutter Menu","3013-3015 W WABANSIA AVE",2019,2324.54,22983,"3013 W WABANSIA AVE","3015 W WABANSIA AVE"
26,"Sidewalk Menu","2401-2411 W OHIO ST",2019,22006.62,22990,"2401 W OHIO ST","2411 W OHIO ST"
26,"Sidewalk Menu","1940-1950 N HARDING AVE",2019,4408.94,22991,"1940 N HARDING AVE","1950 N HARDING AVE"
26,"Sidewalk Menu","1545-1553 N TRIPP AVE",2019,9116.38,22992,"1545 N TRIPP AVE","1553 N TRIPP AVE"
26,"Sidewalk Menu","3750-3751 W WABANSIA AVE",2019,53517.74,22993,"3750 W WABANSIA AVE","3751 W WABANSIA AVE"
26,"Sidewalk Menu","3118-3134 W WALTON ST",2019,14730.78,22995,"3118 W WALTON ST","3134 W WALTON ST"
26,"Sidewalk Menu","2154-2156 N KEYSTONE AVE",2020,11384.71,23037,"2154 N KEYSTONE AVE","2156 N KEYSTONE AVE"
26,"Sidewalk Menu","3756-3758 W MCLEAN AVE",2020,29089.6,23038,"3756 W MCLEAN AVE","3758 W MCLEAN AVE"
26,"Sidewalk Menu","4247-4249 W HIRSCH ST",2020,11285.76,23040,"4247 W HIRSCH ST","4249 W HIRSCH ST"
26,"Sidewalk Menu","1461-1465 N KEDVALE AVE",2020,24910.58,23043,"1461 N KEDVALE AVE","1465 N KEDVALE AVE"
26,"Sidewalk Menu","1503-1507 N KEDVALE AVE",2021,6434.89,23117,"1503 N KEDVALE AVE","1507 N KEDVALE AVE"
27,"Sidewalk Menu","2819-2829 W WASHINGTON BLVD",2016,7911.13,23753,"2819 W WASHINGTON BLVD","2829 W WASHINGTON BLVD"
27,"Alley Resurfacing Menu","1500-1541 N WELLS ST",2018,26746.13,23828,"1500 N WELLS ST","1541 N WELLS ST"
28,"Curb & Gutter Menu","4830-4834 W WASHINGTON BLVD",2016,7831.46,24569,"4830 W WASHINGTON BLVD","4834 W WASHINGTON BLVD"
28,"Bollard Menu","214-216 N HAMLIN BLVD",2017,1464.69,24612,"214 N HAMLIN BLVD","216 N HAMLIN BLVD"
28,"Curb & Gutter Menu","120-198 S ST LOUIS AVE",2017,16551.98,24613,"120 S ST LOUIS AVE","198 S ST LOUIS AVE"
28,"Street Resurfacing Menu","4715-4741 W RACE AVE",2018,21900.9,24676,"4715 W RACE AVE","4741 W RACE AVE"
28,"Sidewalk Menu","4651-4659 W WEST END AVE",2019,15465.38,24708,"4651 W WEST END AVE","4659 W WEST END AVE"
29,"Curb & Gutter Menu","6600-6612 W BLOOMINGDALE AVE",2016,14934.94,25213,"6600 W BLOOMINGDALE AVE","6612 W BLOOMINGDALE AVE"
29,"Sidewalk Menu","5244-5248 W GLADYS AVE",2016,7830.38,25224,"5244 W GLADYS AVE","5248 W GLADYS AVE"
29,"Sidewalk Menu","2641-2651 N MONT CLARE AVE",2021,24621.79,25482,"2641 N MONT CLARE AVE","2651 N MONT CLARE AVE"
29,"Sidewalk Menu","5800-5999 W ADAMS BLVD",2021,64775.45,25486,"5800 W ADAMS BLVD","5999 W ADAMS BLVD"
29,"Sidewalk Menu","7000-7004 W DIVERSEY AVE",2021,48889.47,25491,"7000 W DIVERSEY AVE","7004 W DIVERSEY AVE"
29,"Viaduct Improvement Menu","2200-2300 N NEWLAND AVE",2021,4147.51,25535,"2200 N NEWLAND AVE","2300 N NEWLAND AVE"
29,"Street Light Upgrade Menu","22-28 S MAYFIELD AVE",2022,500,25579,"22 S MAYFIELD AVE","28 S MAYFIELD AVE"
30,"Curb & Gutter Menu","2427-2429 N MONITOR AVE",2016,3299,26324,"2427 N MONITOR AVE","2429 N MONITOR AVE"
30,"Sidewalk Menu","6014-6018 W NELSON ST",2016,3455.16,26342,"6014 W NELSON ST","6018 W NELSON ST"
30,"Curb & Gutter Menu","3114-3116 N MASON AVE",2017,6860.67,26383,"3114 N MASON AVE","3116 N MASON AVE"
30,"Sidewalk Menu","6014-6018 W NELSON ST",2017,10089.45,26389,"6014 W NELSON ST","6018 W NELSON ST"
30,"Sidewalk Menu","3301-3303 N AVERS AVE",2017,18233.68,26399,"3301 N AVERS AVE","3303 N AVERS AVE"
30,"Sidewalk Menu","3126-3128 N MONTICELLO AVE",2017,3350.69,26404,"3126 N MONTICELLO AVE","3128 N MONTICELLO AVE"
30,"Sidewalk Menu","2715-2723 N MOBILE AVE",2017,1914.93,26405,"2715 N MOBILE AVE","2723 N MOBILE AVE"
30,"Sidewalk Menu","2721-2723 N MOBILE AVE",2017,3898.77,26409,"2721 N MOBILE AVE","2723 N MOBILE AVE"
30,"Curb & Gutter Menu","2535-2545 N LINDER AVE",2019,9192.65,26552,"2535 N LINDER AVE","2545 N LINDER AVE"
30,"Sidewalk Menu","2833-2837 N MAJOR AVE",2019,9933.54,26571,"2833 N MAJOR AVE","2837 N MAJOR AVE"
30,"Sidewalk Menu","2647-2649 N MELVINA AVE",2019,8773.18,26579,"2647 N MELVINA AVE","2649 N MELVINA AVE"
30,"Curb & Gutter Menu","5112-5116 W BARRY AVE",2021,7013.33,26676,"5112 W BARRY AVE","5116 W BARRY AVE"
30,"Sidewalk Menu","2422-2424 N MARMORA AVE",2022,5877.11,26755,"2422 N MARMORA AVE","2424 N MARMORA AVE"
30,"Sidewalk Menu","2906-2910 N MOODY AVE",2022,8778.85,26762,"2906 N MOODY AVE","2910 N MOODY AVE"
31,"Sidewalk Menu","3036-3044 N LOCKWOOD AVE",2016,11402.33,27509,"3036 N LOCKWOOD AVE","3044 N LOCKWOOD AVE"
31,"Sidewalk Menu","3121-3133 N LINDER AVE",2016,15627.42,27513,"3121 N LINDER AVE","3133 N LINDER AVE"
31,"Sidewalk Menu","2801-2813 N LECLAIRE AVE",2017,10880.9,27564,"2801 N LECLAIRE AVE","2813 N LECLAIRE AVE"
31,"Sidewalk Menu","2801-2813 N LECLAIRE AVE",2017,4590.43,27573,"2801 N LECLAIRE AVE","2813 N LECLAIRE AVE"
31,"Pedestrian Refuge Island Menu","4536-4538 W FULLERTON AVE",2019,60000,27631,"4536 W FULLERTON AVE","4538 W FULLERTON AVE"
32,"Curb & Gutter Menu","1756-1758 W CORTLAND ST",2018,3357.6,28468,"1756 W CORTLAND ST","1758 W CORTLAND ST"
32,"Sidewalk Menu","2426-2428 N CAMPBELL AVE",2018,5655.5,28479,"2426 N CAMPBELL AVE","2428 N CAMPBELL AVE"
32,"Curb & Gutter Menu","1405-1419 W DIVERSEY PKWY",2020,70000,28565,"1405 W DIVERSEY PKWY","1419 W DIVERSEY PKWY"
32,"Street Resurfacing Menu","3427-3429 N HOYNE AVE",2020,2556.57,28572,"3427 N HOYNE AVE","3429 N HOYNE AVE"
32,"Sidewalk Menu","2347-2399 W BARRY AVE",2021,15825.69,28622,"2347 W BARRY AVE","2399 W BARRY AVE"
33,"Miscellaneous CDOT Projects","3812-3839 N SACRAMENTO AVE",2016,1000,29145,"3812 N SACRAMENTO AVE","3839 N SACRAMENTO AVE"
33,"Curb & Gutter Menu","4141-4147 N FRANCISCO AVE",2017,10047.51,29193,"4141 N FRANCISCO AVE","4147 N FRANCISCO AVE"
33,"Curb & Gutter Menu","3727-3741 N CHRISTIANA AVE",2018,20777.31,29238,"3727 N CHRISTIANA AVE","3741 N CHRISTIANA AVE"
33,"Curb & Gutter Menu","3838-3840 N FRANCISCO AVE",2019,4877.61,29290,"3838 N FRANCISCO AVE","3840 N FRANCISCO AVE"
33,"Sidewalk Menu","2446-2456 W FLETCHER ST",2019,1331.81,29296,"2446 W FLETCHER ST","2456 W FLETCHER ST"
33,"Sidewalk Menu","3120-3122 W BELLE PLAINE AVE",2021,14415.12,29362,"3120 W BELLE PLAINE AVE","3122 W BELLE PLAINE AVE"
33,"Sidewalk Menu","3800-3820 N WHIPPLE ST",2022,18780.17,29433,"3800 N WHIPPLE ST","3820 N WHIPPLE ST"
34,"Sidewalk Menu","12200-12300 S ADA ST",2016,82292.92,30164,"12200 S ADA ST","12300 S ADA ST"
34,"Sidewalk Menu","12200-12300 S SANGAMON ST",2017,41176.21,30209,"12200 S SANGAMON ST","12300 S SANGAMON ST"
35,"Curb & Gutter Menu","2300-2330 N KEELER AVE",2016,26182.14,30983,"2300 N KEELER AVE","2330 N KEELER AVE"
35,"Sidewalk Menu","3300-3333 N KIMBALL AVE",2016,28286.74,30997,"3300 N KIMBALL AVE","3333 N KIMBALL AVE"
35,"Curb & Gutter Menu","2300-2330 N KEELER AVE",2017,52619.42,31021,"2300 N KEELER AVE","2330 N KEELER AVE"
36,"Curb & Gutter Menu","1922-1934 N LECLAIRE AVE",2018,16390.01,31971,"1922 N LECLAIRE AVE","1934 N LECLAIRE AVE"
36,"Sidewalk Menu","5524-5528 W HENDERSON ST",2018,14451.48,31983,"5524 W HENDERSON ST","5528 W HENDERSON ST"
36,"Curb & Gutter Menu","2940-2946 N NATOMA AVE",2019,6618.33,32045,"2940 N NATOMA AVE","2946 N NATOMA AVE"
36,"Sidewalk Menu","2331-2333 N MOBILE AVE",2019,8466.59,32057,"2331 N MOBILE AVE","2333 N MOBILE AVE"
36,"Sidewalk Menu","6248-6252 W BARRY AVE",2020,8479.16,32117,"6248 W BARRY AVE","6252 W BARRY AVE"
36,"Curb & Gutter Menu","2639-2645 N NEWCASTLE AVE",2021,15911.24,32155,"2639 N NEWCASTLE AVE","2645 N NEWCASTLE AVE"
36,"Curb & Gutter Menu","3315-3319 N OAK PARK AVE",2021,3649.86,32160,"3315 N OAK PARK AVE","3319 N OAK PARK AVE"
36,"Curb & Gutter Menu","2937-2941 N NEENAH AVE",2022,5644.41,32228,"2937 N NEENAH AVE","2941 N NEENAH AVE"
36,"Sidewalk Menu","2227-2235 N SAYRE AVE",2022,14836.61,32249,"2227 N SAYRE AVE","2235 N SAYRE AVE"
36,"Sidewalk Menu","2802-2806 N RUTHERFORD AVE",2022,9754.35,32258,"2802 N RUTHERFORD AVE","2806 N RUTHERFORD AVE"
37,"Alley Resurfacing Menu","5419-5423 W AUGUSTA BLVD",2017,2419.89,32826,"5419 W AUGUSTA BLVD","5423 W AUGUSTA BLVD"
37,"Sidewalk Menu","5431-5435 W POTOMAC AVE",2018,3047.99,32894,"5431 W POTOMAC AVE","5435 W POTOMAC AVE"
37,"Street Light Upgrade Menu","5234-5334 W CHICAGO AVE",2022,500,33095,"5234 W CHICAGO AVE","5334 W CHICAGO AVE"
38,"Miscellaneous-CDOT","5400-5600 W. Berteau",2007,13800,33264,"5400 W. Berteau","5600 W. Berteau"
38,"Street Resurfacing Menu","4110-4138 N MOODY AVE",2018,24081.61,33785,"4110 N MOODY AVE","4138 N MOODY AVE"
38,"Street Light Upgrade Menu","3810-3814 N CENTRAL AVE",2021,500,33878,"3810 N CENTRAL AVE","3814 N CENTRAL AVE"
38,"Street Light Upgrade Menu","4414-4418 N MONITOR AVE",2021,500,33879,"4414 N MONITOR AVE","4418 N MONITOR AVE"
38,"Street Light Upgrade Menu","8101-8105 W ADDISON ST",2021,500,33880,"8101 W ADDISON ST","8105 W ADDISON ST"
38,"Alley Apron Menu","3614-3615 N PLAINFIELD AVE",2022,34397.73,33927,"3614 N PLAINFIELD AVE","3615 N PLAINFIELD AVE"
38,"Alley Apron Menu","3654-3655 N PAGE AVE",2022,38830.13,33931,"3654 N PAGE AVE","3655 N PAGE AVE"
39,"Curb & Gutter Menu","6258-6262 N LEONA AVE",2021,6416.2,34615,"6258 N LEONA AVE","6262 N LEONA AVE"
39,"Sidewalk Menu","5935-5941 N KNOX AVE",2022,5353.9,34667,"5935 N KNOX AVE","5941 N KNOX AVE"
40,"Curb/Gutter Menu - Change Order","5501-05 N. Sawyer - Alley Return",2008,6047,34883,"5501 N. Sawyer - Alley Return","5505 N. Sawyer - Alley Return"
40,"POD Camera","5208-10 N. Wolcott",2009,25000,34946,"5208 N. Wolcott","5210 N. Wolcott"
40,"Alley Resurfacing Menu","5806-5810 N LINCOLN AVE",2016,6392.78,35203,"5806 N LINCOLN AVE","5810 N LINCOLN AVE"
40,"Alley Apron Menu","5200-5210 N VIRGINIA AVE",2018,20897.53,35299,"5200 N VIRGINIA AVE","5210 N VIRGINIA AVE"
40,"Curb & Gutter Menu","1635-1667 W EDGEWATER AVE",2020,1e+05,35377,"1635 W EDGEWATER AVE","1667 W EDGEWATER AVE"
40,"Sidewalk Menu","1514-1528 W ARTHUR AVE",2020,8829.13,35384,"1514 W ARTHUR AVE","1528 W ARTHUR AVE"
40,"Sidewalk Menu","2515-2533 W FARRAGUT AVE",2022,46673.25,35456,"2515 W FARRAGUT AVE","2533 W FARRAGUT AVE"
40,"Sidewalk Menu","5700-5752 N FAIRFIELD AVE",2022,88885.83,35460,"5700 N FAIRFIELD AVE","5752 N FAIRFIELD AVE"
41,"Street Resurfacing Menu","7733-7759 W CLARENCE AVE",2020,91915.8,36131,"7733 W CLARENCE AVE","7759 W CLARENCE AVE"
41,"Street Resurfacing Menu","7733-7759 W CLARENCE AVE",2020,146000,36132,"7733 W CLARENCE AVE","7759 W CLARENCE AVE"
42,"Miscellaneous-CDOT","324-330 N Jefferson",2006,1341,36302,"324 N Jefferson","330 N Jefferson"
42,"Miscellaneous-CDOT","300-360 E. Illinois on Grand Ave.",2008,536,36462,"300 E. Illinois on Grand Ave.","360 E. Illinois on Grand Ave."
42,"Miscellaneous CDOT Projects","400-445 W OHIO ST",2022,1e+05,37070,"400 W OHIO ST","445 W OHIO ST"
43,"Sidewalk Menu","2575-2576 N LINCOLN AVE",2018,12358.67,37950,"2575 N LINCOLN AVE","2576 N LINCOLN AVE"
43,"Sidewalk Menu","1538-1600 N LAKE SHORE DR",2019,28900.83,37995,"1538 N LAKE SHORE DR","1600 N LAKE SHORE DR"
43,"Curb & Gutter Menu","814-858 W WEBSTER AVE",2021,47563.15,38040,"814 W WEBSTER AVE","858 W WEBSTER AVE"
43,"Curb & Gutter Menu","1822-1850 N DAYTON ST",2022,28499.89,38080,"1822 N DAYTON ST","1850 N DAYTON ST"
44,"Miscellaneous-CDOT","3157-55 N Sheffield",2011,2800,38329,"3157 N Sheffield","3155 N Sheffield"
44,"Sidewalk Menu","666-668 W Diversey",2012,675,38366,"666 W Diversey","668 W Diversey"
44,"Sidewalk Menu","429-47 W Surf",2012,1478,38382,"429 W Surf","447 W Surf"
44,"Miscellaneous Other","624-708 W Belmont",2013,6248,38430,"624 W Belmont","708 W Belmont"
44,"Curb & Gutter Menu","3730-3732 N KENMORE AVE",2018,4170.39,38758,"3730 N KENMORE AVE","3732 N KENMORE AVE"
44,"Sidewalk Menu","612-634 W MELROSE ST",2019,28213.49,38794,"612 W MELROSE ST","634 W MELROSE ST"
44,"Street Light Upgrade Menu","1115-1135 W GEORGE ST",2019,1000,38802,"1115 W GEORGE ST","1135 W GEORGE ST"
44,"Curb & Gutter Menu","1309-1321 W NEWPORT AVE",2020,28576.61,38817,"1309 W NEWPORT AVE","1321 W NEWPORT AVE"
44,"Curb & Gutter Menu","711-717 W ALDINE AVE",2020,15623.79,38819,"711 W ALDINE AVE","717 W ALDINE AVE"
44,"Curb & Gutter Menu","421-423 W OAKDALE AVE",2020,5188.31,38820,"421 W OAKDALE AVE","423 W OAKDALE AVE"
44,"Curb & Gutter Menu","709-717 W CORNELIA AVE",2020,5904.5,38821,"709 W CORNELIA AVE","717 W CORNELIA AVE"
44,"Sidewalk Menu","810-812 W DIVERSEY PKWY",2020,7194.81,38823,"810 W DIVERSEY PKWY","812 W DIVERSEY PKWY"
44,"Curb & Gutter Menu","1245-1253 W CORNELIA AVE",2021,47480.46,38862,"1245 W CORNELIA AVE","1253 W CORNELIA AVE"
44,"Curb & Gutter Menu","1445-1461 W BYRON ST",2021,35021.05,38863,"1445 W BYRON ST","1461 W BYRON ST"
44,"Sidewalk Menu","946-958 W OAKDALE AVE",2021,33145.63,38874,"946 W OAKDALE AVE","958 W OAKDALE AVE"
44,"Sidewalk Menu","3440-3476 N CLARK ST",2022,43908.27,38917,"3440 N CLARK ST","3476 N CLARK ST"
44,"Sidewalk Menu","548-556 W SURF ST",2022,42484.57,38918,"548 W SURF ST","556 W SURF ST"
45,"Sidewalk Menu","4951-4953 W BELLE PLAINE AVE",2016,23314.37,39461,"4951 W BELLE PLAINE AVE","4953 W BELLE PLAINE AVE"
45,"Sidewalk Menu","4912-4916 N MEADE AVE",2016,6522.75,39480,"4912 N MEADE AVE","4916 N MEADE AVE"
45,"Sidewalk Menu","3701-3721 N KOSTNER AVE",2016,17477.23,39481,"3701 N KOSTNER AVE","3721 N KOSTNER AVE"
45,"Sidewalk Menu","5012-5016 W CULLOM AVE",2017,8800.51,39514,"5012 W CULLOM AVE","5016 W CULLOM AVE"
45,"Sidewalk Menu","4921-4923 W WINONA ST",2017,7026.81,39515,"4921 W WINONA ST","4923 W WINONA ST"
45,"Sidewalk Menu","5312-5316 W CARMEN AVE",2017,13673.82,39520,"5312 W CARMEN AVE","5316 W CARMEN AVE"
45,"Sidewalk Menu","5550-5552 N CENTRAL AVE",2017,218.05,39529,"5550 N CENTRAL AVE","5552 N CENTRAL AVE"
45,"Sidewalk Menu","5509-5513 N MASON AVE",2017,1391.43,39530,"5509 N MASON AVE","5513 N MASON AVE"
45,"Curb & Gutter Menu","5844-5846 W GIDDINGS ST",2018,5347.19,39558,"5844 W GIDDINGS ST","5846 W GIDDINGS ST"
45,"Curb & Gutter Menu","4921-4923 N MCVICKER AVE",2018,4363.18,39560,"4921 N MCVICKER AVE","4923 N MCVICKER AVE"
45,"Curb & Gutter Menu","5705-5713 W CATALPA AVE",2018,10183.44,39563,"5705 W CATALPA AVE","5713 W CATALPA AVE"
45,"Curb & Gutter Menu","4921-4923 N MCVICKER AVE",2018,2348.61,39576,"4921 N MCVICKER AVE","4923 N MCVICKER AVE"
45,"Curb & Gutter Menu","3801-3805 W BELLE PLAINE AVE",2018,16032.35,39578,"3801 W BELLE PLAINE AVE","3805 W BELLE PLAINE AVE"
45,"Curb & Gutter Menu","4903-4909 N MERRIMAC AVE",2018,8419.62,39579,"4903 N MERRIMAC AVE","4909 N MERRIMAC AVE"
45,"Sidewalk Menu","5622-5626 N CENTRAL AVE",2018,10545.31,39589,"5622 N CENTRAL AVE","5626 N CENTRAL AVE"
45,"Sidewalk Menu","5550-5552 N CENTRAL AVE",2018,4747.7,39590,"5550 N CENTRAL AVE","5552 N CENTRAL AVE"
45,"Sidewalk Menu","4016-4026 N MONTICELLO AVE",2018,12169.53,39596,"4016 N MONTICELLO AVE","4026 N MONTICELLO AVE"
45,"Sidewalk Menu","6201-6209 W PETERSON AVE",2018,31600.39,39599,"6201 W PETERSON AVE","6209 W PETERSON AVE"
45,"Sidewalk Menu","4137-4141 N LARAMIE AVE",2018,13911.33,39600,"4137 N LARAMIE AVE","4141 N LARAMIE AVE"
46,"Sidewalk Menu","639-655 W GRACE ST",2017,26413.8,40121,"639 W GRACE ST","655 W GRACE ST"
46,"Sidewalk Menu","4016-4024 N SHERIDAN RD",2018,21501.32,40150,"4016 N SHERIDAN RD","4024 N SHERIDAN RD"
46,"Sidewalk Menu","4016-4024 N SHERIDAN RD",2018,3766.19,40152,"4016 N SHERIDAN RD","4024 N SHERIDAN RD"
46,"Sidewalk Menu","636-640 W GRACE ST",2019,7835.13,40192,"636 W GRACE ST","640 W GRACE ST"
46,"Miscellaneous CDOT Projects","841-843 W GUNNISON ST",2021,500,40233,"841 W GUNNISON ST","843 W GUNNISON ST"
46,"Sidewalk Menu","4649-4653 N MAGNOLIA AVE",2021,35480.38,40244,"4649 N MAGNOLIA AVE","4653 N MAGNOLIA AVE"
46,"Sidewalk Menu","4818-4820 N WINTHROP AVE",2021,14210.74,40246,"4818 N WINTHROP AVE","4820 N WINTHROP AVE"
46,"Sidewalk Menu","804-814 W LAKESIDE PL",2021,11032.53,40248,"804 W LAKESIDE PL","814 W LAKESIDE PL"
46,"Sidewalk Menu","4417-4419 N MAGNOLIA AVE",2022,1175.28,40277,"4417 N MAGNOLIA AVE","4419 N MAGNOLIA AVE"
46,"Sidewalk Menu","4506-4509 N MAGNOLIA AVE",2022,3535.28,40278,"4506 N MAGNOLIA AVE","4509 N MAGNOLIA AVE"
46,"Sidewalk Menu","4801-4807 N WINTHROP AVE",2022,4471.02,40281,"4801 N WINTHROP AVE","4807 N WINTHROP AVE"
46,"Sidewalk Menu","841-843 W GUNNISON ST",2022,2944.34,40282,"841 W GUNNISON ST","843 W GUNNISON ST"
46,"Sidewalk Menu","915-917 W GUNNISON ST",2022,3535.28,40283,"915 W GUNNISON ST","917 W GUNNISON ST"
46,"Sidewalk Menu","939-941 W GUNNISON ST",2022,2734.77,40285,"939 W GUNNISON ST","941 W GUNNISON ST"
47,"Alley Resurfacing Menu","3905-3911 N HAMILTON AVE",2017,14224.47,41038,"3905 N HAMILTON AVE","3911 N HAMILTON AVE"
47,"Curb & Gutter Menu","4712-4716 N WOLCOTT AVE",2018,7989.53,41137,"4712 N WOLCOTT AVE","4716 N WOLCOTT AVE"
47,"Curb & Gutter Menu","2336-2344 W CULLOM AVE",2018,7131.91,41139,"2336 W CULLOM AVE","2344 W CULLOM AVE"
47,"Curb & Gutter Menu","1827-1833 W ROSCOE ST",2021,33149.2,41283,"1827 W ROSCOE ST","1833 W ROSCOE ST"
47,"Sidewalk Menu","2220-2222 W WILSON AVE",2022,6231.34,41391,"2220 W WILSON AVE","2222 W WILSON AVE"
47,"Sidewalk Menu","4405-4437 N ASHLAND AVE",2022,34431.69,41394,"4405 N ASHLAND AVE","4437 N ASHLAND AVE"
48,"Miscellaneous-CDOT","932-34 W Carmen-French Drain",2006,7500,41479,"932 W Carmen-French Drain","934 W Carmen-French Drain"
48,"Miscellaneous-CDOT","5244-5413-5427-5517-5525 N. Lakewood/5239 N. Wayne",2008,138245,41558,"5244 N. Lakewood/5239 N. Wayne","5413 N. Lakewood/5239 N. Wayne"
48,"Curb & Gutter Menu","1331-1339 W ELMDALE AVE",2017,1557.32,41899,"1331 W ELMDALE AVE","1339 W ELMDALE AVE"
48,"Alley Resurfacing Menu","5630-5640 N KENMORE AVE",2018,12022.03,41971,"5630 N KENMORE AVE","5640 N KENMORE AVE"
48,"Alley Resurfacing Menu","6230-6240 N KENMORE AVE",2018,6801.16,41972,"6230 N KENMORE AVE","6240 N KENMORE AVE"
48,"Curb & Gutter Menu","1401-1403 W HOOD AVE",2018,15932.02,41986,"1401 W HOOD AVE","1403 W HOOD AVE"
48,"Curb & Gutter Menu","6257-6259 N SHERIDAN RD",2018,6505.64,41987,"6257 N SHERIDAN RD","6259 N SHERIDAN RD"
48,"Curb & Gutter Menu","5525-5533 N BROADWAY",2018,18386.21,41988,"5525 N BROADWAY","5533 N BROADWAY"
48,"Curb & Gutter Menu","1322-1324 W HOLLYWOOD AVE",2018,3978.1,41989,"1322 W HOLLYWOOD AVE","1324 W HOLLYWOOD AVE"
48,"Curb & Gutter Menu","1205-1209 W BRYN MAWR AVE",2018,25281.72,41990,"1205 W BRYN MAWR AVE","1209 W BRYN MAWR AVE"
48,"Curb & Gutter Menu","1255-1259 W BALMORAL AVE",2018,17909.87,41991,"1255 W BALMORAL AVE","1259 W BALMORAL AVE"
48,"Curb & Gutter Menu","1331-1339 W ELMDALE AVE",2018,12195.19,41992,"1331 W ELMDALE AVE","1339 W ELMDALE AVE"
48,"Curb & Gutter Menu","1501-1503 W ROSEMONT AVE",2018,2620.92,41993,"1501 W ROSEMONT AVE","1503 W ROSEMONT AVE"
48,"Curb & Gutter Menu","1401-1403 W HOOD AVE",2018,2049.24,41996,"1401 W HOOD AVE","1403 W HOOD AVE"
48,"Curb & Gutter Menu","5321-5333 N LAKEWOOD AVE",2018,23328.48,41997,"5321 N LAKEWOOD AVE","5333 N LAKEWOOD AVE"
48,"Curb & Gutter Menu","5321-5333 N LAKEWOOD AVE",2018,6056.86,41998,"5321 N LAKEWOOD AVE","5333 N LAKEWOOD AVE"
48,"Sidewalk Menu","1443-1445 W RASCHER AVE",2018,10557,42006,"1443 W RASCHER AVE","1445 W RASCHER AVE"
48,"Sidewalk Menu","6234-6238 N BROADWAY",2018,8721,42007,"6234 N BROADWAY","6238 N BROADWAY"
48,"Curb & Gutter Menu","5329-5335 N GLENWOOD AVE",2019,9894.65,42049,"5329 N GLENWOOD AVE","5335 N GLENWOOD AVE"
48,"Curb & Gutter Menu","918-940 W WINONA ST",2019,20078.38,42051,"918 W WINONA ST","940 W WINONA ST"
48,"Curb & Gutter Menu","1300-1314 W ROSEMONT AVE",2019,30286.75,42053,"1300 W ROSEMONT AVE","1314 W ROSEMONT AVE"
48,"Curb & Gutter Menu","1400-1408 W ROSEMONT AVE",2019,9027.96,42054,"1400 W ROSEMONT AVE","1408 W ROSEMONT AVE"
48,"Curb & Gutter Menu","1350-1358 W ELMDALE AVE",2019,20032.67,42056,"1350 W ELMDALE AVE","1358 W ELMDALE AVE"
48,"Curb & Gutter Menu","5950-5958 N GLENWOOD AVE",2019,9994.75,42065,"5950 N GLENWOOD AVE","5958 N GLENWOOD AVE"
48,"Curb & Gutter Menu","5427-5431 N LAKEWOOD AVE",2019,7755.38,42066,"5427 N LAKEWOOD AVE","5431 N LAKEWOOD AVE"
48,"Curb & Gutter Menu","1214-1230 W NORWOOD ST",2019,8902.85,42068,"1214 W NORWOOD ST","1230 W NORWOOD ST"
48,"Curb & Gutter Menu","6122-6132 N GLENWOOD AVE",2020,38741.45,42135,"6122 N GLENWOOD AVE","6132 N GLENWOOD AVE"
48,"Curb & Gutter Menu","914-936 W MARGATE TER",2020,3519.9,42136,"914 W MARGATE TER","936 W MARGATE TER"
48,"Sidewalk Menu","5408-5410 N BROADWAY",2020,34972.27,42140,"5408 N BROADWAY","5410 N BROADWAY"
48,"Curb & Gutter Menu","6225-6227 N KENMORE AVE",2021,43600.16,42170,"6225 N KENMORE AVE","6227 N KENMORE AVE"
48,"Sidewalk Menu","1140-1156 W BALMORAL AVE",2021,62332.08,42173,"1140 W BALMORAL AVE","1156 W BALMORAL AVE"
48,"Curb & Gutter Menu","1301-1321 W HOOD AVE",2022,35364.6,42223,"1301 W HOOD AVE","1321 W HOOD AVE"
48,"Curb & Gutter Menu","1400-1402 W HOOD AVE",2022,4454.5,42225,"1400 W HOOD AVE","1402 W HOOD AVE"
49,"Sidewalk Menu","1510-1512 W ALBION AVE",2015,26533,42670,"1510 W ALBION AVE","1512 W ALBION AVE"
49,"Sidewalk Menu","1546-1547 W FARWELL AVE",2016,430.44,42737,"1546 W FARWELL AVE","1547 W FARWELL AVE"
49,"Sidewalk Menu","7410-7420 N HOYNE AVE",2016,3762.97,42745,"7410 N HOYNE AVE","7420 N HOYNE AVE"
49,"Sidewalk Menu","1541-1549 W SHERWIN AVE",2016,1352.23,42748,"1541 W SHERWIN AVE","1549 W SHERWIN AVE"
49,"Sidewalk Menu","1412-1418 W ARTHUR AVE",2017,9007.09,42790,"1412 W ARTHUR AVE","1418 W ARTHUR AVE"
49,"Sidewalk Menu","1911-1921 W MORSE AVE",2017,11091.5,42792,"1911 W MORSE AVE","1921 W MORSE AVE"
49,"Sidewalk Menu","1541-1549 W SHERWIN AVE",2017,5809.92,42793,"1541 W SHERWIN AVE","1549 W SHERWIN AVE"
49,"Sidewalk Menu","7329-7331 N OAKLEY AVE",2017,5239.24,42796,"7329 N OAKLEY AVE","7331 N OAKLEY AVE"
49,"Street Resurfacing Menu","7635-7649 N EASTLAKE TER",2017,12638.74,42811,"7635 N EASTLAKE TER","7649 N EASTLAKE TER"
49,"Sidewalk Menu","7480-7500 N ROGERS AVE",2018,4238.15,42863,"7480 N ROGERS AVE","7500 N ROGERS AVE"
49,"Sidewalk Menu","1226-1232 W SHERWIN AVE",2018,6762.4,42864,"1226 W SHERWIN AVE","1232 W SHERWIN AVE"
49,"Sidewalk Menu","6411-6413 N NEWGARD AVE",2018,5279.05,42865,"6411 N NEWGARD AVE","6413 N NEWGARD AVE"
49,"Sidewalk Menu","6449-6453 N GLENWOOD AVE",2018,3474.75,42866,"6449 N GLENWOOD AVE","6453 N GLENWOOD AVE"
49,"Sidewalk Menu","6432-6438 N LAKEWOOD AVE",2018,6234.27,42867,"6432 N LAKEWOOD AVE","6438 N LAKEWOOD AVE"
49,"Sidewalk Menu","2014-2108 W BIRCHWOOD AVE",2018,4319.79,42870,"2014 W BIRCHWOOD AVE","2108 W BIRCHWOOD AVE"
49,"Sidewalk Menu  1","709-1719 W CHASE AVE",2019,13440.13,42913,NA,NA
49,"Sidewalk Menu  7","627-7637 N PAULINA ST",2019,38761.88,42914,NA,NA
49,"Sidewalk Menu  1","343-1347 W ESTES AVE",2019,4298.21,42915,NA,NA
49,"Sidewalk Menu  1","547-1551 W FARWELL AVE",2019,5449.74,42916,NA,NA
49,"Sidewalk Menu  2","044-2054 W CHASE AVE",2019,5132.87,42917,NA,NA
49,"Sidewalk Menu  1","400-1406 W NORTH SHORE AVE",2019,4704.48,42918,NA,NA
49,"Sidewalk Menu  1","216-1220 W ALBION AVE",2019,2826.52,42919,NA,NA
49,"Sidewalk Menu","6912-6916 N LAKEWOOD AVE",2021,9927.58,42985,"6912 N LAKEWOOD AVE","6916 N LAKEWOOD AVE"
49,"Curb & Gutter Menu","7446-7748 N DAMEN AVE",2022,2637.77,43033,"7446 N DAMEN AVE","7748 N DAMEN AVE"
50,"Street Resurfacing Menu","2125-2139 W LUNT AVE",2018,18969.84,43439,"2125 W LUNT AVE","2139 W LUNT AVE"
50,"Street Resurfacing Menu","7400-7410 N FRANCISCO AVE",2018,19790.03,43440,"7400 N FRANCISCO AVE","7410 N FRANCISCO AVE"
50,"Alley Resurfacing Menu","6324-6350 N WHIPPLE ST",2019,10418.25,43449,"6324 N WHIPPLE ST","6350 N WHIPPLE ST"
3,"Traffic Signal Miscellaneous Menu","3900-3920 S FEDERAL ST",2016,406.5,2920,"3900 S FEDERAL ST","3920 S FEDERAL ST"
3,"Miscellaneous CDOT Projects","4949-4951 S PRINCETON AVE",2018,150,2979,"4949 S PRINCETON AVE","4951 S PRINCETON AVE"
3,"Miscellaneous CDOT Projects","4953-4955 S PRINCETON AVE",2018,150,2979,"4953 S PRINCETON AVE","4955 S PRINCETON AVE"
3,"Miscellaneous CDOT Projects","4927-4937 S CALUMET AVE",2019,350,3015,"4927 S CALUMET AVE","4937 S CALUMET AVE"
3,"Miscellaneous CDOT Projects","540-542 E 44TH PL",2019,350,3015,"540 E 44TH PL","542 E 44TH PL"
3,"Miscellaneous CDOT Projects","4215-4229 S STATE ST",2019,350,3015,"4215 S STATE ST","4229 S STATE ST"
4,"Sidewalk Menu","4001-4011 S LAKE PARK AVE",2018,10924.3,3703,"4001 S LAKE PARK AVE","4011 S LAKE PARK AVE"
4,"Sidewalk Menu","4800-4852 S COTTAGE GROVE AVE",2018,29211.135,3704,"4800 S COTTAGE GROVE AVE","4852 S COTTAGE GROVE AVE"
4,"Concrete Alley Menu","801-833 E OAKWOOD BLVD",2021,63251.7,3768,"801 E OAKWOOD BLVD","833 E OAKWOOD BLVD"
4,"Curb & Gutter Menu","4952-4956 S CHAMPLAIN AVE",2021,3916.195,3771,"4952 S CHAMPLAIN AVE","4956 S CHAMPLAIN AVE"
4,"Speed Indicator Signs","4750-4756 S DREXEL BLVD",2022,8333.33333333333,3827,"4750 S DREXEL BLVD","4756 S DREXEL BLVD"
5,"Miscellaneous Other Projects","6824-6846 S STONY ISLAND AVE",2018,262.5,4391,"6824 S STONY ISLAND AVE","6846 S STONY ISLAND AVE"
5,"Miscellaneous Other Projects","2200-2216 E 71ST ST",2018,262.5,4391,"2200 E 71ST ST","2216 E 71ST ST"
6,"Sidewalk Menu","52-56 W 77TH PL",2022,12003.495,5042,"52 W 77TH PL","56 W 77TH PL"
7,"Miscellaneous CDOT Projects","8233-8235 S BURLEY AVE",2021,150,5723,"8233 S BURLEY AVE","8235 S BURLEY AVE"
9,"Miscellaneous CDOT Projects","11914-11918 S LA SALLE ST",2022,187.5,7316,"11914 S LA SALLE ST","11918 S LA SALLE ST"
10,"Sidewalk Menu","2800-2834 E 128TH ST",2018,6485.5,8270,"2800 E 128TH ST","2834 E 128TH ST"
10,"Sidewalk Menu","10710-10712 S MACKINAW AVE",2018,5180.5,8278,"10710 S MACKINAW AVE","10712 S MACKINAW AVE"
10,"Sidewalk Menu","10722-10724 S MACKINAW AVE",2018,5180.5,8278,"10722 S MACKINAW AVE","10724 S MACKINAW AVE"
10,"Sidewalk Menu","10730-10732 S MACKINAW AVE",2018,5180.5,8278,"10730 S MACKINAW AVE","10732 S MACKINAW AVE"
10,"Sidewalk Menu","10633-10643 S MACKINAW AVE",2018,4960,8287,"10633 S MACKINAW AVE","10643 S MACKINAW AVE"
10,"Sidewalk Menu","10632-10640 S MACKINAW AVE",2018,4960,8287,"10632 S MACKINAW AVE","10640 S MACKINAW AVE"
10,"Concrete Alley Menu","11140-11156 S AVENUE F",2020,6333.33333333333,8365,"11140 S AVENUE F","11156 S AVENUE F"
10,"Sidewalk Menu","9300-9400 S COMMERCIAL AVE",2021,77222.18,8441,"9300 S COMMERCIAL AVE","9400 S COMMERCIAL AVE"
10,"Street Resurfacing Menu","10653-10700 S AVENUE D",2021,25198.485,8451,"10653 S AVENUE D","10700 S AVENUE D"
11,"Sidewalk Menu","3732-3734 S PARNELL AVE",2017,2432.82,9083,"3732 S PARNELL AVE","3734 S PARNELL AVE"
11,"Alley Resurfacing Menu","3001-3037 S PRINCETON AVE",2018,20045.155,9112,"3001 S PRINCETON AVE","3037 S PRINCETON AVE"
13,"Concrete Alley Menu","6103-6109 S NASHVILLE AVE",2019,4789.685,11248,"6103 S NASHVILLE AVE","6109 S NASHVILLE AVE"
13,"Street Speed Hump Menu","6321-6339 S KILBOURN AVE",2020,2350,11382,"6321 S KILBOURN AVE","6339 S KILBOURN AVE"
13,"Concrete Alley Menu","5747-5759 S RUTHERFORD AVE",2021,15752.58,11397,"5747 S RUTHERFORD AVE","5759 S RUTHERFORD AVE"
13,"Concrete Alley Menu","5747-5759 S RUTHERFORD AVE",2022,12544.495,11554,"5747 S RUTHERFORD AVE","5759 S RUTHERFORD AVE"
14,"Sidewalk Menu","5122-5144 S MOBILE AVE",2019,18946.04,12804,"5122 S MOBILE AVE","5144 S MOBILE AVE"
14,"Sidewalk Menu","5143-5153 S MOBILE AVE",2019,18946.04,12804,"5143 S MOBILE AVE","5153 S MOBILE AVE"
14,"Sidewalk Menu","5201-5211 S LEAMINGTON AVE",2019,10981.77,12820,"5201 S LEAMINGTON AVE","5211 S LEAMINGTON AVE"
14,"Sidewalk Menu","5022-5024 S KILPATRICK AVE",2019,12698.1166666667,12827,"5022 S KILPATRICK AVE","5024 S KILPATRICK AVE"
14,"Sidewalk Menu","4900-4942 S KILPATRICK AVE",2019,12698.1166666667,12827,"4900 S KILPATRICK AVE","4942 S KILPATRICK AVE"
14,"Sidewalk Menu","5104-5108 S KILPATRICK AVE",2019,12698.1166666667,12827,"5104 S KILPATRICK AVE","5108 S KILPATRICK AVE"
14,"Sidewalk Menu","4724-4736 S KEELER AVE",2019,16675.73,12828,"4724 S KEELER AVE","4736 S KEELER AVE"
14,"Sidewalk Menu","4820-4858 S KEELER AVE",2019,16675.73,12828,"4820 S KEELER AVE","4858 S KEELER AVE"
14,"Sidewalk Menu","5204-5208 S NATOMA AVE",2022,9960.42,12987,"5204 S NATOMA AVE","5208 S NATOMA AVE"
14,"Sidewalk Menu","5232-5250 S MULLIGAN AVE",2022,13315.12,12991,"5232 S MULLIGAN AVE","5250 S MULLIGAN AVE"
15,"Sidewalk Menu","4652-4658 S SACRAMENTO AVE",2021,27521.68,13802,"4652 S SACRAMENTO AVE","4658 S SACRAMENTO AVE"
15,"Curb & Gutter Menu","2516-2530 W 44TH ST",2022,5436.055,13834,"2516 W 44TH ST","2530 W 44TH ST"
16,"Curb & Gutter Menu","2230-2330 W 64TH ST",2020,75000,14606,"2230 W 64TH ST","2330 W 64TH ST"
17,"Street Speed Hump Menu","1400-1500 W 72ND PL",2017,1850,15215,"1400 W 72ND PL","1500 W 72ND PL"
17,"Alley Resurfacing Menu (1-1)","2500-2524 W LITHUANIAN PLAZA CT",2019,3880.31,15274,"2500 W LITHUANIAN PLAZA CT","2524 W LITHUANIAN PLAZA CT"
18,"Speed Indicator Signs","2715-2717 W 83RD ST",2021,12500,16163,"2715 W 83RD ST","2717 W 83RD ST"
21,"Sidewalk Menu","510-511 W 81ST PL",2017,10261.07,18147,"510 W 81ST PL","511 W 81ST PL"
21,"Sidewalk Menu","9615-9621 S RACINE AVE",2020,9976.48,18354,"9615 S RACINE AVE","9621 S RACINE AVE"
22,"Alley Resurfacing Menu (1-1)","4335-4359 W 31ST ST",2020,21012.36,19056,"4335 W 31ST ST","4359 W 31ST ST"
22,"Alley Resurfacing Menu","3900-3924 W 24TH ST",2020,13224.19,19059,"3900 W 24TH ST","3924 W 24TH ST"
22,"Alley Resurfacing Menu","4734-4758 W 47TH ST",2020,20495.35,19060,"4734 W 47TH ST","4758 W 47TH ST"
22,"In-Road State Law Stop For Pedestrians Signs Menu","4258-4259 W 31ST ST",2020,300,19074,"4258 W 31ST ST","4259 W 31ST ST"
22,"In-Road State Law Stop For Pedestrians Signs Menu","4258-4259 W 31ST ST",2020,175,19075,"4258 W 31ST ST","4259 W 31ST ST"
22,"Curb & Gutter Menu","5141-5145 W 48TH ST",2021,2922.74,19141,"5141 W 48TH ST","5145 W 48TH ST"
22,"Alley Resurfacing Menu","2301-2323 S RIDGEWAY AVE",2022,18928.39,19176,"2301 S RIDGEWAY AVE","2323 S RIDGEWAY AVE"
22,"Alley Resurfacing Menu","2800-2858 S HAMLIN AVE",2022,23288.325,19177,"2800 S HAMLIN AVE","2858 S HAMLIN AVE"
22,"Alley Resurfacing Menu","2800-2858 S KOSTNER AVE",2022,15678.555,19178,"2800 S KOSTNER AVE","2858 S KOSTNER AVE"
22,"Alley Resurfacing Menu","3000-3058 S SPAULDING AVE",2022,11907.235,19179,"3000 S SPAULDING AVE","3058 S SPAULDING AVE"
22,"Alley Resurfacing Menu","4245-4265 W CERMAK RD",2022,33547.955,19180,"4245 W CERMAK RD","4265 W CERMAK RD"
22,"Curb & Gutter Menu","3201-3259 S AVERS AVE",2022,55000,19197,"3201 S AVERS AVE","3259 S AVERS AVE"
22,"Street Resurfacing Menu","2800-2859 S SPAULDING AVE",2022,26712.2,19224,"2800 S SPAULDING AVE","2859 S SPAULDING AVE"
23,"Street Speed Hump Menu","5400-5401 S KILBOURN AVE",2020,3525,20467,"5400 S KILBOURN AVE","5401 S KILBOURN AVE"
23,"Speed Indicator Signs","5946-5948 S PULASKI RD",2021,14000,20519,"5946 S PULASKI RD","5948 S PULASKI RD"
25,"Street Resurfacing Menu (1-5)","2100-2131 S TAN CT",2020,40376.815,22204,"2100 S TAN CT","2131 S TAN CT"
26,"Alley Resurfacing Menu","1201-1225 N CALIFORNIA AVE",2019,20012.845,22946,"1201 N CALIFORNIA AVE","1225 N CALIFORNIA AVE"
26,"Alley Resurfacing Menu","3324-3358 W NORTH AVE",2019,23440.105,22952,"3324 W NORTH AVE","3358 W NORTH AVE"
26,"Alley Resurfacing Menu","3403-3455 W PIERCE AVE",2019,20541.645,22956,"3403 W PIERCE AVE","3455 W PIERCE AVE"
26,"Alley Resurfacing Menu","3400-3462 W NORTH AVE",2019,32065.755,22961,"3400 W NORTH AVE","3462 W NORTH AVE"
26,"Alley Speed Hump Menu","3935-3959 W ARMITAGE AVE",2019,700,22964,"3935 W ARMITAGE AVE","3959 W ARMITAGE AVE"
26,"Alley Resurfacing Menu (1-1)","1458-1500 N KARLOV AVE",2020,13319.595,23012,"1458 N KARLOV AVE","1500 N KARLOV AVE"
26,"Alley Resurfacing Menu","3032-3054 W NORTH AVE",2020,16123.2533333333,23013,"3032 W NORTH AVE","3054 W NORTH AVE"
26,"Alley Resurfacing Menu","3932-3956 W DICKENS AVE",2020,5760.985,23015,"3932 W DICKENS AVE","3956 W DICKENS AVE"
26,"Street Resurfacing Menu","3943-3947 W CORTLAND ST",2020,13499.725,23058,"3943 W CORTLAND ST","3947 W CORTLAND ST"
26,"Alley Resurfacing Menu","3601-3625 W NORTH AVE",2021,23147.435,23072,"3601 W NORTH AVE","3625 W NORTH AVE"
28,"Alley Speed Hump Menu","800-998 S CLAREMONT AVE",2016,1050,24566,"800 S CLAREMONT AVE","998 S CLAREMONT AVE"
28,"Miscellaneous CDOT Projects","16-17 S PULASKI RD",2019,3361.68176470588,24704,"16 S PULASKI RD","17 S PULASKI RD"
28,"Miscellaneous CDOT Projects","4003-4004 W LAKE ST",2019,3361.68176470588,24704,"4003 W LAKE ST","4004 W LAKE ST"
28,"Miscellaneous CDOT Projects","4041-4042 W LAKE ST",2019,3361.68176470588,24704,"4041 W LAKE ST","4042 W LAKE ST"
28,"Miscellaneous CDOT Projects","3932-3933 W JACKSON BLVD",2019,3361.68176470588,24704,"3932 W JACKSON BLVD","3933 W JACKSON BLVD"
29,"Alley Resurfacing Menu","4800-4900 W VAN BUREN ST",2022,35857.88,25539,"4800 W VAN BUREN ST","4900 W VAN BUREN ST"
29,"Street Light Pole for High Definition Camera Menu","1300-1400 N MAYFIELD AVE",2022,3000,25577,"1300 N MAYFIELD AVE","1400 N MAYFIELD AVE"
30,"Curb & Gutter Menu","2905-2949 N MULLIGAN AVE",2020,6213.085,26630,"2905 N MULLIGAN AVE","2949 N MULLIGAN AVE"
30,"Sidewalk Menu","2504-2506 N MANGO AVE",2022,5770.555,26756,"2504 N MANGO AVE","2506 N MANGO AVE"
31,"Street Resurfacing Menu","2740-2742 N RIDGEWAY AVE",2021,7252.48375,27730,"2740 N RIDGEWAY AVE","2742 N RIDGEWAY AVE"
32,"Alley Resurfacing Menu","1934-1954 W ARMITAGE AVE",2019,8385.86,28517,"1934 W ARMITAGE AVE","1954 W ARMITAGE AVE"
33,"Miscellaneous CDOT Projects","3000-3004 N ALBANY AVE",2018,875,29239,"3000 N ALBANY AVE","3004 N ALBANY AVE"
33,"Sidewalk Menu","3146-3150 W BARRY AVE",2018,30331.08,29243,"3146 W BARRY AVE","3150 W BARRY AVE"
33,"Sidewalk Menu","3147-3151 W BARRY AVE",2018,30331.08,29243,"3147 W BARRY AVE","3151 W BARRY AVE"
35,"Concrete Alley Menu","4253-4255 N ST LOUIS AVE",2019,3841.765,31118,"4253 N ST LOUIS AVE","4255 N ST LOUIS AVE"
40,"Curb & Gutter Menu","2534-2558 W PETERSON AVE",2021,52000,35404,"2534 W PETERSON AVE","2558 W PETERSON AVE"
43,"Miscellaneous CDOT Projects","433-435 W ROSLYN PL",2018,616.190476190476,37944,"433 W ROSLYN PL","435 W ROSLYN PL"
43,"Street Resurfacing Menu","2400-2500 N LAKEVIEW AVE",2020,51227.78,38027,"2400 N LAKEVIEW AVE","2500 N LAKEVIEW AVE"
44,"Alley Resurfacing Menu","1115-1143 W PATTERSON AVE",2022,13924.14,38901,"1115 W PATTERSON AVE","1143 W PATTERSON AVE"
44,"Alley Resurfacing Menu","3335-3359 N HALSTED ST",2022,9281.22,38903,"3335 N HALSTED ST","3359 N HALSTED ST"
44,"Alley Resurfacing Menu","938-946 W OAKDALE AVE",2022,3500.905,38904,"938 W OAKDALE AVE","946 W OAKDALE AVE"
47,"Curb & Gutter Menu","2231-2399 W SUNNYSIDE AVE",2018,18057.705,41138,"2231 W SUNNYSIDE AVE","2399 W SUNNYSIDE AVE"
47,"Alley Resurfacing Menu","2143-2159 W CULLOM AVE",2021,6292.765,41272,"2143 W CULLOM AVE","2159 W CULLOM AVE"
48,"Alley Resurfacing Menu","1333-1343 W NORWOOD ST",2018,3973.71,41974,"1333 W NORWOOD ST","1343 W NORWOOD ST"
48,"Sidewalk Menu","1200-1210 W NORWOOD ST",2018,25055.5,42008,"1200 W NORWOOD ST","1210 W NORWOOD ST"
48,"Sidewalk Menu","1101-1111 W ROSEMONT AVE",2018,10947.5,42010,"1101 W ROSEMONT AVE","1111 W ROSEMONT AVE"
48,"Sidewalk Menu","1100-1112 W ROSEMONT AVE",2018,10947.5,42010,"1100 W ROSEMONT AVE","1112 W ROSEMONT AVE"
48,"Alley Resurfacing Menu","4901-4931 N WINTHROP AVE",2020,15482,42125,"4901 N WINTHROP AVE","4931 N WINTHROP AVE"
48,"Curb & Gutter Menu","1055-1059 W BERWYN AVE",2020,11256.855,42134,"1055 W BERWYN AVE","1059 W BERWYN AVE"
49,"Alley Speed Hump Menu","7021-7035 N SHERIDAN RD",2018,700,42836,"7021 N SHERIDAN RD","7035 N SHERIDAN RD"
50,"Alley Speed Hump Menu","6201-6225 N MOZART ST",2017,350,43376,"6201 N MOZART ST","6225 N MOZART ST"
50,"Alley Resurfacing Menu","2301-2323 W ARTHUR AVE",2019,13606.51,43448,"2301 W ARTHUR AVE","2323 W ARTHUR AVE"
